poll,series,period,sort,answer,pct,source,location,note,source_url
P18,KIIS_TERRITORY_GENERAL,Травень 2022,2022-05,Допускають певні територіальні поступки,0.1,K25CG,Графік 1,Одна моніторингова серія. Суми 99–101% залишено як у джерелі; округлення. Не прирівнювати до капітуляції.,https://www.kiis.com.ua/materials/pr/20251009_d/01.JPG
P18,KIIS_TERRITORY_GENERAL,Травень 2022,2022-05,Відкидають будь-які територіальні поступки,0.82,K25CG,Графік 1,Одна моніторингова серія. Суми 99–101% залишено як у джерелі; округлення. Не прирівнювати до капітуляції.,https://www.kiis.com.ua/materials/pr/20251009_d/01.JPG
P18,KIIS_TERRITORY_GENERAL,Травень 2022,2022-05,Не визначилися,0.08,K25CG,Графік 1,Одна моніторингова серія. Суми 99–101% залишено як у джерелі; округлення. Не прирівнювати до капітуляції.,https://www.kiis.com.ua/materials/pr/20251009_d/01.JPG
P19,KIIS_TERRITORY_GENERAL,Липень 2022,2022-07,Допускають певні територіальні поступки,0.1,K25CG,Графік 1,Одна моніторингова серія. Суми 99–101% залишено як у джерелі; округлення. Не прирівнювати до капітуляції.,https://www.kiis.com.ua/materials/pr/20251009_d/01.JPG
P19,KIIS_TERRITORY_GENERAL,Липень 2022,2022-07,Відкидають будь-які територіальні поступки,0.84,K25CG,Графік 1,Одна моніторингова серія. Суми 99–101% залишено як у джерелі; округлення. Не прирівнювати до капітуляції.,https://www.kiis.com.ua/materials/pr/20251009_d/01.JPG
P19,KIIS_TERRITORY_GENERAL,Липень 2022,2022-07,Не визначилися,0.06,K25CG,Графік 1,Одна моніторингова серія. Суми 99–101% залишено як у джерелі; округлення. Не прирівнювати до капітуляції.,https://www.kiis.com.ua/materials/pr/20251009_d/01.JPG
P20,KIIS_TERRITORY_GENERAL,Вересень 2022,2022-09,Допускають певні територіальні поступки,0.08,K25CG,Графік 1,Одна моніторингова серія. Суми 99–101% залишено як у джерелі; округлення. Не прирівнювати до капітуляції.,https://www.kiis.com.ua/materials/pr/20251009_d/01.JPG
P20,KIIS_TERRITORY_GENERAL,Вересень 2022,2022-09,Відкидають будь-які територіальні поступки,0.87,K25CG,Графік 1,Одна моніторингова серія. Суми 99–101% залишено як у джерелі; округлення. Не прирівнювати до капітуляції.,https://www.kiis.com.ua/materials/pr/20251009_d/01.JPG
P20,KIIS_TERRITORY_GENERAL,Вересень 2022,2022-09,Не визначилися,0.05,K25CG,Графік 1,Одна моніторингова серія. Суми 99–101% залишено як у джерелі; округлення. Не прирівнювати до капітуляції.,https://www.kiis.com.ua/materials/pr/20251009_d/01.JPG
P21,KIIS_TERRITORY_GENERAL,Грудень 2022,2022-12,Допускають певні територіальні поступки,0.08,K25CG,Графік 1,Одна моніторингова серія. Суми 99–101% залишено як у джерелі; округлення. Не прирівнювати до капітуляції.,https://www.kiis.com.ua/materials/pr/20251009_d/01.JPG
P21,KIIS_TERRITORY_GENERAL,Грудень 2022,2022-12,Відкидають будь-які територіальні поступки,0.85,K25CG,Графік 1,Одна моніторингова серія. Суми 99–101% залишено як у джерелі; округлення. Не прирівнювати до капітуляції.,https://www.kiis.com.ua/materials/pr/20251009_d/01.JPG
P21,KIIS_TERRITORY_GENERAL,Грудень 2022,2022-12,Не визначилися,0.06,K25CG,Графік 1,Одна моніторингова серія. Суми 99–101% залишено як у джерелі; округлення. Не прирівнювати до капітуляції.,https://www.kiis.com.ua/materials/pr/20251009_d/01.JPG
P22,KIIS_TERRITORY_GENERAL,Лютий 2023,2023-02,Допускають певні територіальні поступки,0.09,K25CG,Графік 1,Одна моніторингова серія. Суми 99–101% залишено як у джерелі; округлення. Не прирівнювати до капітуляції.,https://www.kiis.com.ua/materials/pr/20251009_d/01.JPG
P22,KIIS_TERRITORY_GENERAL,Лютий 2023,2023-02,Відкидають будь-які територіальні поступки,0.87,K25CG,Графік 1,Одна моніторингова серія. Суми 99–101% залишено як у джерелі; округлення. Не прирівнювати до капітуляції.,https://www.kiis.com.ua/materials/pr/20251009_d/01.JPG
P22,KIIS_TERRITORY_GENERAL,Лютий 2023,2023-02,Не визначилися,0.05,K25CG,Графік 1,Одна моніторингова серія. Суми 99–101% залишено як у джерелі; округлення. Не прирівнювати до капітуляції.,https://www.kiis.com.ua/materials/pr/20251009_d/01.JPG
P23,KIIS_TERRITORY_GENERAL,Травень 2023,2023-05,Допускають певні територіальні поступки,0.1,K25CG,Графік 1,Одна моніторингова серія. Суми 99–101% залишено як у джерелі; округлення. Не прирівнювати до капітуляції.,https://www.kiis.com.ua/materials/pr/20251009_d/01.JPG
P23,KIIS_TERRITORY_GENERAL,Травень 2023,2023-05,Відкидають будь-які територіальні поступки,0.84,K25CG,Графік 1,Одна моніторингова серія. Суми 99–101% залишено як у джерелі; округлення. Не прирівнювати до капітуляції.,https://www.kiis.com.ua/materials/pr/20251009_d/01.JPG
P23,KIIS_TERRITORY_GENERAL,Травень 2023,2023-05,Не визначилися,0.06,K25CG,Графік 1,Одна моніторингова серія. Суми 99–101% залишено як у джерелі; округлення. Не прирівнювати до капітуляції.,https://www.kiis.com.ua/materials/pr/20251009_d/01.JPG
P24,KIIS_TERRITORY_GENERAL,Жовтень 2023,2023-10,Допускають певні територіальні поступки,0.14,K25CG,Графік 1,Одна моніторингова серія. Суми 99–101% залишено як у джерелі; округлення. Не прирівнювати до капітуляції.,https://www.kiis.com.ua/materials/pr/20251009_d/01.JPG
P24,KIIS_TERRITORY_GENERAL,Жовтень 2023,2023-10,Відкидають будь-які територіальні поступки,0.8,K25CG,Графік 1,Одна моніторингова серія. Суми 99–101% залишено як у джерелі; округлення. Не прирівнювати до капітуляції.,https://www.kiis.com.ua/materials/pr/20251009_d/01.JPG
P24,KIIS_TERRITORY_GENERAL,Жовтень 2023,2023-10,Не визначилися,0.06,K25CG,Графік 1,Одна моніторингова серія. Суми 99–101% залишено як у джерелі; округлення. Не прирівнювати до капітуляції.,https://www.kiis.com.ua/materials/pr/20251009_d/01.JPG
P25,KIIS_TERRITORY_GENERAL,Грудень 2023,2023-12,Допускають певні територіальні поступки,0.19,K25CG,Графік 1,Одна моніторингова серія. Суми 99–101% залишено як у джерелі; округлення. Не прирівнювати до капітуляції.,https://www.kiis.com.ua/materials/pr/20251009_d/01.JPG
P25,KIIS_TERRITORY_GENERAL,Грудень 2023,2023-12,Відкидають будь-які територіальні поступки,0.74,K25CG,Графік 1,Одна моніторингова серія. Суми 99–101% залишено як у джерелі; округлення. Не прирівнювати до капітуляції.,https://www.kiis.com.ua/materials/pr/20251009_d/01.JPG
P25,KIIS_TERRITORY_GENERAL,Грудень 2023,2023-12,Не визначилися,0.07,K25CG,Графік 1,Одна моніторингова серія. Суми 99–101% залишено як у джерелі; округлення. Не прирівнювати до капітуляції.,https://www.kiis.com.ua/materials/pr/20251009_d/01.JPG
P26,KIIS_TERRITORY_GENERAL,Лютий 2024,2024-02,Допускають певні територіальні поступки,0.26,K25CG,Графік 1,Одна моніторингова серія. Суми 99–101% залишено як у джерелі; округлення. Не прирівнювати до капітуляції.,https://www.kiis.com.ua/materials/pr/20251009_d/01.JPG
P26,KIIS_TERRITORY_GENERAL,Лютий 2024,2024-02,Відкидають будь-які територіальні поступки,0.65,K25CG,Графік 1,Одна моніторингова серія. Суми 99–101% залишено як у джерелі; округлення. Не прирівнювати до капітуляції.,https://www.kiis.com.ua/materials/pr/20251009_d/01.JPG
P26,KIIS_TERRITORY_GENERAL,Лютий 2024,2024-02,Не визначилися,0.09,K25CG,Графік 1,Одна моніторингова серія. Суми 99–101% залишено як у джерелі; округлення. Не прирівнювати до капітуляції.,https://www.kiis.com.ua/materials/pr/20251009_d/01.JPG
P27,KIIS_TERRITORY_GENERAL,Травень 2024,2024-05,Допускають певні територіальні поступки,0.32,K25CG,Графік 1,Одна моніторингова серія. Суми 99–101% залишено як у джерелі; округлення. Не прирівнювати до капітуляції.,https://www.kiis.com.ua/materials/pr/20251009_d/01.JPG
P27,KIIS_TERRITORY_GENERAL,Травень 2024,2024-05,Відкидають будь-які територіальні поступки,0.55,K25CG,Графік 1,Одна моніторингова серія. Суми 99–101% залишено як у джерелі; округлення. Не прирівнювати до капітуляції.,https://www.kiis.com.ua/materials/pr/20251009_d/01.JPG
P27,KIIS_TERRITORY_GENERAL,Травень 2024,2024-05,Не визначилися,0.13,K25CG,Графік 1,Одна моніторингова серія. Суми 99–101% залишено як у джерелі; округлення. Не прирівнювати до капітуляції.,https://www.kiis.com.ua/materials/pr/20251009_d/01.JPG
P28,KIIS_TERRITORY_GENERAL,Жовтень 2024,2024-10,Допускають певні територіальні поступки,0.32,K25CG,Графік 1,Одна моніторингова серія. Суми 99–101% залишено як у джерелі; округлення. Не прирівнювати до капітуляції.,https://www.kiis.com.ua/materials/pr/20251009_d/01.JPG
P28,KIIS_TERRITORY_GENERAL,Жовтень 2024,2024-10,Відкидають будь-які територіальні поступки,0.58,K25CG,Графік 1,Одна моніторингова серія. Суми 99–101% залишено як у джерелі; округлення. Не прирівнювати до капітуляції.,https://www.kiis.com.ua/materials/pr/20251009_d/01.JPG
P28,KIIS_TERRITORY_GENERAL,Жовтень 2024,2024-10,Не визначилися,0.1,K25CG,Графік 1,Одна моніторингова серія. Суми 99–101% залишено як у джерелі; округлення. Не прирівнювати до капітуляції.,https://www.kiis.com.ua/materials/pr/20251009_d/01.JPG
P29,KIIS_TERRITORY_GENERAL,Грудень 2024,2024-12,Допускають певні територіальні поступки,0.38,K24,Графік 1,Одна моніторингова серія. Суми 99–101% залишено як у джерелі; округлення. Не прирівнювати до капітуляції.,https://www.kiis.com.ua/?cat=reports&id=1465&lang=ukr
P29,KIIS_TERRITORY_GENERAL,Грудень 2024,2024-12,Відкидають будь-які територіальні поступки,0.51,K24,Графік 1,Одна моніторингова серія. Суми 99–101% залишено як у джерелі; округлення. Не прирівнювати до капітуляції.,https://www.kiis.com.ua/?cat=reports&id=1465&lang=ukr
P29,KIIS_TERRITORY_GENERAL,Грудень 2024,2024-12,Не визначилися,0.11,K24,Графік 1,Одна моніторингова серія. Суми 99–101% залишено як у джерелі; округлення. Не прирівнювати до капітуляції.,https://www.kiis.com.ua/?cat=reports&id=1465&lang=ukr
P30,KIIS_TERRITORY_GENERAL,Лютий–березень 2025,2025-02,Допускають певні територіальні поступки,0.39,K25A,Графік 1,Одна моніторингова серія. Суми 99–101% залишено як у джерелі; округлення. Не прирівнювати до капітуляції.,https://www.kiis.com.ua/?cat=reports&id=1506&lang=ukr
P30,KIIS_TERRITORY_GENERAL,Лютий–березень 2025,2025-02,Відкидають будь-які територіальні поступки,0.5,K25A,Графік 1,Одна моніторингова серія. Суми 99–101% залишено як у джерелі; округлення. Не прирівнювати до капітуляції.,https://www.kiis.com.ua/?cat=reports&id=1506&lang=ukr
P30,KIIS_TERRITORY_GENERAL,Лютий–березень 2025,2025-02,Не визначилися,0.11,K25A,Графік 1,Одна моніторингова серія. Суми 99–101% залишено як у джерелі; округлення. Не прирівнювати до капітуляції.,https://www.kiis.com.ua/?cat=reports&id=1506&lang=ukr
P31,KIIS_TERRITORY_GENERAL,Травень–червень 2025,2025-05,Допускають певні територіальні поступки,0.38,K25B,Графік 1,Одна моніторингова серія. Суми 99–101% залишено як у джерелі; округлення. Не прирівнювати до капітуляції.,https://www.kiis.com.ua/?cat=reports&id=1535&lang=ukr
P31,KIIS_TERRITORY_GENERAL,Травень–червень 2025,2025-05,Відкидають будь-які територіальні поступки,0.52,K25B,Графік 1,Одна моніторингова серія. Суми 99–101% залишено як у джерелі; округлення. Не прирівнювати до капітуляції.,https://www.kiis.com.ua/?cat=reports&id=1535&lang=ukr
P31,KIIS_TERRITORY_GENERAL,Травень–червень 2025,2025-05,Не визначилися,0.1,K25B,Графік 1,Одна моніторингова серія. Суми 99–101% залишено як у джерелі; округлення. Не прирівнювати до капітуляції.,https://www.kiis.com.ua/?cat=reports&id=1535&lang=ukr
P32,KIIS_TERRITORY_GENERAL,Вересень–жовтень 2025,2025-09,Допускають певні територіальні поступки,0.38,K25C,Графік 1,Одна моніторингова серія. Суми 99–101% залишено як у джерелі; округлення. Не прирівнювати до капітуляції.,https://www.kiis.com.ua/?cat=reports&id=1559&lang=ukr
P32,KIIS_TERRITORY_GENERAL,Вересень–жовтень 2025,2025-09,Відкидають будь-які територіальні поступки,0.54,K25C,Графік 1,Одна моніторингова серія. Суми 99–101% залишено як у джерелі; округлення. Не прирівнювати до капітуляції.,https://www.kiis.com.ua/?cat=reports&id=1559&lang=ukr
P32,KIIS_TERRITORY_GENERAL,Вересень–жовтень 2025,2025-09,Не визначилися,0.08,K25C,Графік 1,Одна моніторингова серія. Суми 99–101% залишено як у джерелі; округлення. Не прирівнювати до капітуляції.,https://www.kiis.com.ua/?cat=reports&id=1559&lang=ukr
P33,GALLUP_NEGOTIATIONS,2022; точні дати хвилі уточнити,2022,Переговори для завершення війни якнайшвидше,0.22,G24,Історична серія у публікації,Залишок до 100% не обчислювали як окрему відповідь. 2024 є агрегатом двох хвиль.,https://news.gallup.com/poll/653495/half-ukrainians-quick-negotiated-end-war.aspx
P33,GALLUP_NEGOTIATIONS,2022; точні дати хвилі уточнити,2022,Боротьба до перемоги,0.73,G24,Історична серія у публікації,Залишок до 100% не обчислювали як окрему відповідь. 2024 є агрегатом двох хвиль.,https://news.gallup.com/poll/653495/half-ukrainians-quick-negotiated-end-war.aspx
P34,GALLUP_NEGOTIATIONS,2023; точні дати хвилі уточнити,2023,Переговори для завершення війни якнайшвидше,0.27,G24,Історична серія у публікації,Залишок до 100% не обчислювали як окрему відповідь. 2024 є агрегатом двох хвиль.,https://news.gallup.com/poll/653495/half-ukrainians-quick-negotiated-end-war.aspx
P34,GALLUP_NEGOTIATIONS,2023; точні дати хвилі уточнити,2023,Боротьба до перемоги,0.63,G24,Історична серія у публікації,Залишок до 100% не обчислювали як окрему відповідь. 2024 є агрегатом двох хвиль.,https://news.gallup.com/poll/653495/half-ukrainians-quick-negotiated-end-war.aspx
P35,GALLUP_NEGOTIATIONS,Серпень і жовтень 2024; опубліковане середнє,2024,Переговори для завершення війни якнайшвидше,0.52,G24,Історична серія у публікації,Залишок до 100% не обчислювали як окрему відповідь. 2024 є агрегатом двох хвиль.,https://news.gallup.com/poll/653495/half-ukrainians-quick-negotiated-end-war.aspx
P35,GALLUP_NEGOTIATIONS,Серпень і жовтень 2024; опубліковане середнє,2024,Боротьба до перемоги,0.38,G24,Історична серія у публікації,Залишок до 100% не обчислювали як окрему відповідь. 2024 є агрегатом двох хвиль.,https://news.gallup.com/poll/653495/half-ukrainians-quick-negotiated-end-war.aspx
P36,GALLUP_NEGOTIATIONS,Початок липня 2025,2025,Переговори для завершення війни якнайшвидше,0.69,G25,Історична серія у публікації,Залишок до 100% не обчислювали як окрему відповідь. 2024 є агрегатом двох хвиль.,https://news.gallup.com/poll/693203/ukrainiansupport-war-effort-collapses.aspx
P36,GALLUP_NEGOTIATIONS,Початок липня 2025,2025,Боротьба до перемоги,0.24,G25,Історична серія у публікації,Залишок до 100% не обчислювали як окрему відповідь. 2024 є агрегатом двох хвиль.,https://news.gallup.com/poll/693203/ukrainiansupport-war-effort-collapses.aspx
P05,GALLUP_NEGOTIATIONS,Квітень 2026,2026-04,Переговори для завершення війни якнайшвидше,0.66,G1,Розділ Attitudes Toward War,"Точні дати, n і метод конкретної хвилі потребують уточнення.",https://news.gallup.com/poll/711992/ukrainians-sour-washington-views-war-stabilize.aspx
P05,GALLUP_NEGOTIATIONS,Квітень 2026,2026-04,Боротьба до перемоги,0.24,G1,Розділ Attitudes Toward War,"Точні дати, n і метод конкретної хвилі потребують уточнення.",https://news.gallup.com/poll/711992/ukrainians-sour-washington-views-war-stabilize.aspx
P113,DIF_COMPROMISE_GENERAL,Жовтень 2022,2022-10,Будь-які компроміси заради миру,0.045,D22P,"С. 23–24, питання 10",Офіційна ретроспектива жовтневої хвилі в грудневому звіті; паспорт грудня не застосовано до жовтня.,https://dif.org.ua/uploads/pdf/20263161126458f92b642fb0.79054584.pdf
P113,DIF_COMPROMISE_GENERAL,Жовтень 2022,2022-10,"Компроміси, але не всі",0.171,D22P,"С. 23–24, питання 10",Офіційна ретроспектива жовтневої хвилі в грудневому звіті; паспорт грудня не застосовано до жовтня.,https://dif.org.ua/uploads/pdf/20263161126458f92b642fb0.79054584.pdf
P113,DIF_COMPROMISE_GENERAL,Жовтень 2022,2022-10,Припинення війни лише після перемоги,0.66,D22P,"С. 23–24, питання 10",Офіційна ретроспектива жовтневої хвилі в грудневому звіті; паспорт грудня не застосовано до жовтня.,https://dif.org.ua/uploads/pdf/20263161126458f92b642fb0.79054584.pdf
P113,DIF_COMPROMISE_GENERAL,Жовтень 2022,2022-10,Важко відповісти / відмова,0.124,D22P,"С. 23–24, питання 10",Офіційна ретроспектива жовтневої хвилі в грудневому звіті; паспорт грудня не застосовано до жовтня.,https://dif.org.ua/uploads/pdf/20263161126458f92b642fb0.79054584.pdf
P37,DIF_COMPROMISE_GENERAL,Грудень 2022,2022-12,Будь-які компроміси заради миру,0.078,D22P,"С. 23–24, питання 10",Жовтнева точка наведена ретроспективно у грудневому звіті; паспорт жовтневої хвилі окремо не відновлено.,https://dif.org.ua/uploads/pdf/20263161126458f92b642fb0.79054584.pdf
P37,DIF_COMPROMISE_GENERAL,Грудень 2022,2022-12,"Компроміси, але не всі",0.181,D22P,"С. 23–24, питання 10",Жовтнева точка наведена ретроспективно у грудневому звіті; паспорт жовтневої хвилі окремо не відновлено.,https://dif.org.ua/uploads/pdf/20263161126458f92b642fb0.79054584.pdf
P37,DIF_COMPROMISE_GENERAL,Грудень 2022,2022-12,Припинення війни лише після перемоги,0.618,D22P,"С. 23–24, питання 10",Жовтнева точка наведена ретроспективно у грудневому звіті; паспорт жовтневої хвилі окремо не відновлено.,https://dif.org.ua/uploads/pdf/20263161126458f92b642fb0.79054584.pdf
P37,DIF_COMPROMISE_GENERAL,Грудень 2022,2022-12,Важко відповісти / відмова,0.123,D22P,"С. 23–24, питання 10",Жовтнева точка наведена ретроспективно у грудневому звіті; паспорт жовтневої хвилі окремо не відновлено.,https://dif.org.ua/uploads/pdf/20263161126458f92b642fb0.79054584.pdf
P31,KIIS_RECOGNITION_LEGAL,Травень–червень 2025,2025-05,Можуть прийняти,0.24,K25CW,Графік 2,Рандомізовані підвибірки приблизно по 500. Відмінні сценарії не є частками взаємовиключних груп людей.,https://www.kiis.com.ua/materials/pr/20251009_d/02.JPG
P31,KIIS_RECOGNITION_LEGAL,Травень–червень 2025,2025-05,Категорично проти,0.68,K25CW,Графік 2,Рандомізовані підвибірки приблизно по 500. Відмінні сценарії не є частками взаємовиключних груп людей.,https://www.kiis.com.ua/materials/pr/20251009_d/02.JPG
P31,KIIS_RECOGNITION_LEGAL,Травень–червень 2025,2025-05,Не визначилися,0.08,K25CW,Графік 2,Рандомізовані підвибірки приблизно по 500. Відмінні сценарії не є частками взаємовиключних груп людей.,https://www.kiis.com.ua/materials/pr/20251009_d/02.JPG
P31,KIIS_UNOCCUPIED_TRANSFER,Травень–червень 2025,2025-05,Можуть прийняти,0.15,K25CW,Графік 2,Рандомізовані підвибірки приблизно по 500. Відмінні сценарії не є частками взаємовиключних груп людей.,https://www.kiis.com.ua/materials/pr/20251009_d/02.JPG
P31,KIIS_UNOCCUPIED_TRANSFER,Травень–червень 2025,2025-05,Категорично проти,0.78,K25CW,Графік 2,Рандомізовані підвибірки приблизно по 500. Відмінні сценарії не є частками взаємовиключних груп людей.,https://www.kiis.com.ua/materials/pr/20251009_d/02.JPG
P31,KIIS_UNOCCUPIED_TRANSFER,Травень–червень 2025,2025-05,Не визначилися,0.08,K25CW,Графік 2,Рандомізовані підвибірки приблизно по 500. Відмінні сценарії не є частками взаємовиключних груп людей.,https://www.kiis.com.ua/materials/pr/20251009_d/02.JPG
P31,KIIS_FREEZE_NO_RECOGNITION,Травень–червень 2025,2025-05,Можуть прийняти,0.43,K25CW,Графік 2,Рандомізовані підвибірки приблизно по 500. Відмінні сценарії не є частками взаємовиключних груп людей.,https://www.kiis.com.ua/materials/pr/20251009_d/02.JPG
P31,KIIS_FREEZE_NO_RECOGNITION,Травень–червень 2025,2025-05,Категорично проти,0.48,K25CW,Графік 2,Рандомізовані підвибірки приблизно по 500. Відмінні сценарії не є частками взаємовиключних груп людей.,https://www.kiis.com.ua/materials/pr/20251009_d/02.JPG
P31,KIIS_FREEZE_NO_RECOGNITION,Травень–червень 2025,2025-05,Не визначилися,0.09,K25CW,Графік 2,Рандомізовані підвибірки приблизно по 500. Відмінні сценарії не є частками взаємовиключних груп людей.,https://www.kiis.com.ua/materials/pr/20251009_d/02.JPG
P32,KIIS_RECOGNITION_LEGAL,Вересень–жовтень 2025,2025-09,Можуть прийняти,0.24,K25CW,Графік 2,Рандомізовані підвибірки приблизно по 500. Відмінні сценарії не є частками взаємовиключних груп людей.,https://www.kiis.com.ua/materials/pr/20251009_d/02.JPG
P32,KIIS_RECOGNITION_LEGAL,Вересень–жовтень 2025,2025-09,Категорично проти,0.67,K25CW,Графік 2,Рандомізовані підвибірки приблизно по 500. Відмінні сценарії не є частками взаємовиключних груп людей.,https://www.kiis.com.ua/materials/pr/20251009_d/02.JPG
P32,KIIS_RECOGNITION_LEGAL,Вересень–жовтень 2025,2025-09,Не визначилися,0.09,K25CW,Графік 2,Рандомізовані підвибірки приблизно по 500. Відмінні сценарії не є частками взаємовиключних груп людей.,https://www.kiis.com.ua/materials/pr/20251009_d/02.JPG
P32,KIIS_UNOCCUPIED_TRANSFER,Вересень–жовтень 2025,2025-09,Можуть прийняти,0.19,K25CW,Графік 2,Рандомізовані підвибірки приблизно по 500. Відмінні сценарії не є частками взаємовиключних груп людей.,https://www.kiis.com.ua/materials/pr/20251009_d/02.JPG
P32,KIIS_UNOCCUPIED_TRANSFER,Вересень–жовтень 2025,2025-09,Категорично проти,0.71,K25CW,Графік 2,Рандомізовані підвибірки приблизно по 500. Відмінні сценарії не є частками взаємовиключних груп людей.,https://www.kiis.com.ua/materials/pr/20251009_d/02.JPG
P32,KIIS_UNOCCUPIED_TRANSFER,Вересень–жовтень 2025,2025-09,Не визначилися,0.1,K25CW,Графік 2,Рандомізовані підвибірки приблизно по 500. Відмінні сценарії не є частками взаємовиключних груп людей.,https://www.kiis.com.ua/materials/pr/20251009_d/02.JPG
P32,KIIS_FREEZE_NO_RECOGNITION,Вересень–жовтень 2025,2025-09,Можуть прийняти,0.35,K25CW,Графік 2,Рандомізовані підвибірки приблизно по 500. Відмінні сценарії не є частками взаємовиключних груп людей.,https://www.kiis.com.ua/materials/pr/20251009_d/02.JPG
P32,KIIS_FREEZE_NO_RECOGNITION,Вересень–жовтень 2025,2025-09,Категорично проти,0.56,K25CW,Графік 2,Рандомізовані підвибірки приблизно по 500. Відмінні сценарії не є частками взаємовиключних груп людей.,https://www.kiis.com.ua/materials/pr/20251009_d/02.JPG
P32,KIIS_FREEZE_NO_RECOGNITION,Вересень–жовтень 2025,2025-09,Не визначилися,0.09,K25CW,Графік 2,Рандомізовані підвибірки приблизно по 500. Відмінні сценарії не є частками взаємовиключних груп людей.,https://www.kiis.com.ua/materials/pr/20251009_d/02.JPG
P48,KIIS_TERRITORY_GENERAL,Грудень 2025,2025-12,Допускають певні територіальні поступки,0.33,K1572,Графік загального питання,Фінальна вибірка; попередню грудневу оцінку не дубльовано.,https://www.kiis.com.ua/?cat=reports&id=1572&lang=ukr
P48,KIIS_TERRITORY_GENERAL,Грудень 2025,2025-12,Відкидають будь-які територіальні поступки,0.53,K1572,Графік загального питання,Фінальна вибірка; попередню грудневу оцінку не дубльовано.,https://www.kiis.com.ua/?cat=reports&id=1572&lang=ukr
P48,KIIS_TERRITORY_GENERAL,Грудень 2025,2025-12,Не визначилися,0.14,K1572,Графік загального питання,Фінальна вибірка; попередню грудневу оцінку не дубльовано.,https://www.kiis.com.ua/?cat=reports&id=1572&lang=ukr
P49,KIIS_DONBAS_GUARANTEES_2026,2026-01,2026-01-09,Приймають,0.39,K1579,Питання про Донбас,Перевіряти незмінність гарантій і послідовності виконання; лютневий split винесений окремо.,https://www.kiis.com.ua/?cat=reports&id=1579&lang=ukr
P49,KIIS_DONBAS_GUARANTEES_2026,2026-01,2026-01-09,Категорично відкидають,0.54,K1579,Питання про Донбас,Перевіряти незмінність гарантій і послідовності виконання; лютневий split винесений окремо.,https://www.kiis.com.ua/?cat=reports&id=1579&lang=ukr
P50,KIIS_DONBAS_GUARANTEES_2026,2026-01,2026-01-23,Приймають,0.4,K1583,Питання про Донбас,Перевіряти незмінність гарантій і послідовності виконання; лютневий split винесений окремо.,https://www.kiis.com.ua/?cat=reports&id=1583&lang=ukr
P50,KIIS_DONBAS_GUARANTEES_2026,2026-01,2026-01-23,Категорично відкидають,0.52,K1583,Питання про Донбас,Перевіряти незмінність гарантій і послідовності виконання; лютневий split винесений окремо.,https://www.kiis.com.ua/?cat=reports&id=1583&lang=ukr
P51,KIIS_DONBAS_GUARANTEES_2026,2026-03,2026-03-01,Приймають,0.33,K1597,Питання про Донбас,Перевіряти незмінність гарантій і послідовності виконання; лютневий split винесений окремо.,https://www.kiis.com.ua/?cat=reports&id=1597&lang=ukr
P51,KIIS_DONBAS_GUARANTEES_2026,2026-03,2026-03-01,Категорично відкидають,0.62,K1597,Питання про Донбас,Перевіряти незмінність гарантій і послідовності виконання; лютневий split винесений окремо.,https://www.kiis.com.ua/?cat=reports&id=1597&lang=ukr
P52,KIIS_DONBAS_GUARANTEES_2026,2026-04,2026-04-20,Приймають,0.36,K1608,Питання про Донбас,Перевіряти незмінність гарантій і послідовності виконання; лютневий split винесений окремо.,https://www.kiis.com.ua/?cat=reports&id=1608&lang=ukr
P52,KIIS_DONBAS_GUARANTEES_2026,2026-04,2026-04-20,Категорично відкидають,0.57,K1608,Питання про Донбас,Перевіряти незмінність гарантій і послідовності виконання; лютневий split винесений окремо.,https://www.kiis.com.ua/?cat=reports&id=1608&lang=ukr
P01,KIIS_DONBAS_GUARANTEES_2026,2026-02,2026-02-12,Приймають,0.36,K1,Питання про Донбас,У лютому стандартний варіант n=1003; альтернативний n=1001 не злитий із ним.,https://www.kiis.com.ua/?cat=reports&id=1589&lang=ukr&page=2
P01,KIIS_DONBAS_GUARANTEES_2026,2026-02,2026-02-12,Категорично відкидають,0.57,K1,Питання про Донбас,У лютому стандартний варіант n=1003; альтернативний n=1001 не злитий із ним.,https://www.kiis.com.ua/?cat=reports&id=1589&lang=ukr&page=2
P02,KIIS_DONBAS_GUARANTEES_2026,2026-07,2026-07-20,Приймають,0.33,K2,Питання про Донбас,У лютому стандартний варіант n=1003; альтернативний n=1001 не злитий із ним.,https://www.kiis.com.ua/?cat=reports&id=1626&lang=ukr&page=1
P02,KIIS_DONBAS_GUARANTEES_2026,2026-07,2026-07-20,Категорично відкидають,0.6,K2,Питання про Донбас,У лютому стандартний варіант n=1003; альтернативний n=1001 не злитий із ним.,https://www.kiis.com.ua/?cat=reports&id=1626&lang=ukr&page=1
P55,NDI_ENTER_NEGOTIATIONS,2022-05,2022-05-02,Так,0.59,N24M,PDF с.23,Одна серія NDI/КМІС; суми 99–100% через округлення.,https://www.ndi.org/sites/default/files/May%202024%20Opportunities%20and%20Challenges%20Facing%20Ukraine%E2%80%99s%20Democratic%20Transition%20%28Ukrainian%29.pdf
P55,NDI_ENTER_NEGOTIATIONS,2022-05,2022-05-02,Ні,0.37,N24M,PDF с.23,Одна серія NDI/КМІС; суми 99–100% через округлення.,https://www.ndi.org/sites/default/files/May%202024%20Opportunities%20and%20Challenges%20Facing%20Ukraine%E2%80%99s%20Democratic%20Transition%20%28Ukrainian%29.pdf
P55,NDI_ENTER_NEGOTIATIONS,2022-05,2022-05-02,Не визначилися,0.04,N24M,PDF с.23,Одна серія NDI/КМІС; суми 99–100% через округлення.,https://www.ndi.org/sites/default/files/May%202024%20Opportunities%20and%20Challenges%20Facing%20Ukraine%E2%80%99s%20Democratic%20Transition%20%28Ukrainian%29.pdf
P56,NDI_ENTER_NEGOTIATIONS,2022-08,2022-08-02,Так,0.44,N24M,PDF с.23,Одна серія NDI/КМІС; суми 99–100% через округлення.,https://www.ndi.org/sites/default/files/May%202024%20Opportunities%20and%20Challenges%20Facing%20Ukraine%E2%80%99s%20Democratic%20Transition%20%28Ukrainian%29.pdf
P56,NDI_ENTER_NEGOTIATIONS,2022-08,2022-08-02,Ні,0.52,N24M,PDF с.23,Одна серія NDI/КМІС; суми 99–100% через округлення.,https://www.ndi.org/sites/default/files/May%202024%20Opportunities%20and%20Challenges%20Facing%20Ukraine%E2%80%99s%20Democratic%20Transition%20%28Ukrainian%29.pdf
P56,NDI_ENTER_NEGOTIATIONS,2022-08,2022-08-02,Не визначилися,0.04,N24M,PDF с.23,Одна серія NDI/КМІС; суми 99–100% через округлення.,https://www.ndi.org/sites/default/files/May%202024%20Opportunities%20and%20Challenges%20Facing%20Ukraine%E2%80%99s%20Democratic%20Transition%20%28Ukrainian%29.pdf
P57,NDI_ENTER_NEGOTIATIONS,2023-01,2023-01-04,Так,0.29,N24M,PDF с.23,Одна серія NDI/КМІС; суми 99–100% через округлення.,https://www.ndi.org/sites/default/files/May%202024%20Opportunities%20and%20Challenges%20Facing%20Ukraine%E2%80%99s%20Democratic%20Transition%20%28Ukrainian%29.pdf
P57,NDI_ENTER_NEGOTIATIONS,2023-01,2023-01-04,Ні,0.66,N24M,PDF с.23,Одна серія NDI/КМІС; суми 99–100% через округлення.,https://www.ndi.org/sites/default/files/May%202024%20Opportunities%20and%20Challenges%20Facing%20Ukraine%E2%80%99s%20Democratic%20Transition%20%28Ukrainian%29.pdf
P57,NDI_ENTER_NEGOTIATIONS,2023-01,2023-01-04,Не визначилися,0.05,N24M,PDF с.23,Одна серія NDI/КМІС; суми 99–100% через округлення.,https://www.ndi.org/sites/default/files/May%202024%20Opportunities%20and%20Challenges%20Facing%20Ukraine%E2%80%99s%20Democratic%20Transition%20%28Ukrainian%29.pdf
P58,NDI_ENTER_NEGOTIATIONS,2023-05,2023-05-10,Так,0.33,N24M,PDF с.23,Одна серія NDI/КМІС; суми 99–100% через округлення.,https://www.ndi.org/sites/default/files/May%202024%20Opportunities%20and%20Challenges%20Facing%20Ukraine%E2%80%99s%20Democratic%20Transition%20%28Ukrainian%29.pdf
P58,NDI_ENTER_NEGOTIATIONS,2023-05,2023-05-10,Ні,0.63,N24M,PDF с.23,Одна серія NDI/КМІС; суми 99–100% через округлення.,https://www.ndi.org/sites/default/files/May%202024%20Opportunities%20and%20Challenges%20Facing%20Ukraine%E2%80%99s%20Democratic%20Transition%20%28Ukrainian%29.pdf
P58,NDI_ENTER_NEGOTIATIONS,2023-05,2023-05-10,Не визначилися,0.03,N24M,PDF с.23,Одна серія NDI/КМІС; суми 99–100% через округлення.,https://www.ndi.org/sites/default/files/May%202024%20Opportunities%20and%20Challenges%20Facing%20Ukraine%E2%80%99s%20Democratic%20Transition%20%28Ukrainian%29.pdf
P59,NDI_ENTER_NEGOTIATIONS,2023-11,2023-11-14,Так,0.42,N24M,PDF с.23,Одна серія NDI/КМІС; суми 99–100% через округлення.,https://www.ndi.org/sites/default/files/May%202024%20Opportunities%20and%20Challenges%20Facing%20Ukraine%E2%80%99s%20Democratic%20Transition%20%28Ukrainian%29.pdf
P59,NDI_ENTER_NEGOTIATIONS,2023-11,2023-11-14,Ні,0.53,N24M,PDF с.23,Одна серія NDI/КМІС; суми 99–100% через округлення.,https://www.ndi.org/sites/default/files/May%202024%20Opportunities%20and%20Challenges%20Facing%20Ukraine%E2%80%99s%20Democratic%20Transition%20%28Ukrainian%29.pdf
P59,NDI_ENTER_NEGOTIATIONS,2023-11,2023-11-14,Не визначилися,0.05,N24M,PDF с.23,Одна серія NDI/КМІС; суми 99–100% через округлення.,https://www.ndi.org/sites/default/files/May%202024%20Opportunities%20and%20Challenges%20Facing%20Ukraine%E2%80%99s%20Democratic%20Transition%20%28Ukrainian%29.pdf
P60,NDI_ENTER_NEGOTIATIONS,2024-05,2024-05-08,Так,0.57,N24M,PDF с.23,Одна серія NDI/КМІС; суми 99–100% через округлення.,https://www.ndi.org/sites/default/files/May%202024%20Opportunities%20and%20Challenges%20Facing%20Ukraine%E2%80%99s%20Democratic%20Transition%20%28Ukrainian%29.pdf
P60,NDI_ENTER_NEGOTIATIONS,2024-05,2024-05-08,Ні,0.38,N24M,PDF с.23,Одна серія NDI/КМІС; суми 99–100% через округлення.,https://www.ndi.org/sites/default/files/May%202024%20Opportunities%20and%20Challenges%20Facing%20Ukraine%E2%80%99s%20Democratic%20Transition%20%28Ukrainian%29.pdf
P60,NDI_ENTER_NEGOTIATIONS,2024-05,2024-05-08,Не визначилися,0.05,N24M,PDF с.23,Одна серія NDI/КМІС; суми 99–100% через округлення.,https://www.ndi.org/sites/default/files/May%202024%20Opportunities%20and%20Challenges%20Facing%20Ukraine%E2%80%99s%20Democratic%20Transition%20%28Ukrainian%29.pdf
P63,RAZUMKOV_MINIMUM_PEACE,Червень 2024,2024-06,Кордони 1991,0.515,R26FULL,Мінімальні територіальні умови,ЗМІНЕНО перелік відповідей: нові варіанти виведення військ з’являються пізніше. Відсутній варіант не дорівнює 0%.,https://razumkov.org.ua/napriamky/sotsiologichni-doslidzhennia/otsinka-gromadianamy-sytuatsii-v-kraini-bachennia-shliakhiv-vyrishennia-bezpekovykh-problem-sichen-liutyi-2026r
P63,RAZUMKOV_MINIMUM_PEACE,Червень 2024,2024-06,Кордони до повномасштабного вторгнення,0.258,R26FULL,Мінімальні територіальні умови,ЗМІНЕНО перелік відповідей: нові варіанти виведення військ з’являються пізніше. Відсутній варіант не дорівнює 0%.,https://razumkov.org.ua/napriamky/sotsiologichni-doslidzhennia/otsinka-gromadianamy-sytuatsii-v-kraini-bachennia-shliakhiv-vyrishennia-bezpekovykh-problem-sichen-liutyi-2026r
P63,RAZUMKOV_MINIMUM_PEACE,Червень 2024,2024-06,Фіксація нинішнього фронту,0.094,R26FULL,Мінімальні територіальні умови,ЗМІНЕНО перелік відповідей: нові варіанти виведення військ з’являються пізніше. Відсутній варіант не дорівнює 0%.,https://razumkov.org.ua/napriamky/sotsiologichni-doslidzhennia/otsinka-gromadianamy-sytuatsii-v-kraini-bachennia-shliakhiv-vyrishennia-bezpekovykh-problem-sichen-liutyi-2026r
P63,RAZUMKOV_MINIMUM_PEACE,Червень 2024,2024-06,Не визначилися,0.133,R26FULL,Мінімальні територіальні умови,ЗМІНЕНО перелік відповідей: нові варіанти виведення військ з’являються пізніше. Відсутній варіант не дорівнює 0%.,https://razumkov.org.ua/napriamky/sotsiologichni-doslidzhennia/otsinka-gromadianamy-sytuatsii-v-kraini-bachennia-shliakhiv-vyrishennia-bezpekovykh-problem-sichen-liutyi-2026r
P61,RAZUMKOV_MINIMUM_PEACE,Квітень–травень 2025,2025-05,Кордони 1991,0.395,R26FULL,Мінімальні територіальні умови,ЗМІНЕНО перелік відповідей: нові варіанти виведення військ з’являються пізніше. Відсутній варіант не дорівнює 0%.,https://razumkov.org.ua/napriamky/sotsiologichni-doslidzhennia/otsinka-gromadianamy-sytuatsii-v-kraini-bachennia-shliakhiv-vyrishennia-bezpekovykh-problem-sichen-liutyi-2026r
P61,RAZUMKOV_MINIMUM_PEACE,Квітень–травень 2025,2025-05,Кордони до повномасштабного вторгнення,0.298,R26FULL,Мінімальні територіальні умови,ЗМІНЕНО перелік відповідей: нові варіанти виведення військ з’являються пізніше. Відсутній варіант не дорівнює 0%.,https://razumkov.org.ua/napriamky/sotsiologichni-doslidzhennia/otsinka-gromadianamy-sytuatsii-v-kraini-bachennia-shliakhiv-vyrishennia-bezpekovykh-problem-sichen-liutyi-2026r
P61,RAZUMKOV_MINIMUM_PEACE,Квітень–травень 2025,2025-05,Фіксація нинішнього фронту,0.108,R26FULL,Мінімальні територіальні умови,ЗМІНЕНО перелік відповідей: нові варіанти виведення військ з’являються пізніше. Відсутній варіант не дорівнює 0%.,https://razumkov.org.ua/napriamky/sotsiologichni-doslidzhennia/otsinka-gromadianamy-sytuatsii-v-kraini-bachennia-shliakhiv-vyrishennia-bezpekovykh-problem-sichen-liutyi-2026r
P61,RAZUMKOV_MINIMUM_PEACE,Квітень–травень 2025,2025-05,Не визначилися,0.199,R26FULL,Мінімальні територіальні умови,ЗМІНЕНО перелік відповідей: нові варіанти виведення військ з’являються пізніше. Відсутній варіант не дорівнює 0%.,https://razumkov.org.ua/napriamky/sotsiologichni-doslidzhennia/otsinka-gromadianamy-sytuatsii-v-kraini-bachennia-shliakhiv-vyrishennia-bezpekovykh-problem-sichen-liutyi-2026r
P64,RAZUMKOV_MINIMUM_PEACE,Вересень 2025,2025-09,Кордони 1991,0.282,R26FULL,Мінімальні територіальні умови,ЗМІНЕНО перелік відповідей: нові варіанти виведення військ з’являються пізніше. Відсутній варіант не дорівнює 0%.,https://razumkov.org.ua/napriamky/sotsiologichni-doslidzhennia/otsinka-gromadianamy-sytuatsii-v-kraini-bachennia-shliakhiv-vyrishennia-bezpekovykh-problem-sichen-liutyi-2026r
P64,RAZUMKOV_MINIMUM_PEACE,Вересень 2025,2025-09,Кордони до повномасштабного вторгнення,0.318,R26FULL,Мінімальні територіальні умови,ЗМІНЕНО перелік відповідей: нові варіанти виведення військ з’являються пізніше. Відсутній варіант не дорівнює 0%.,https://razumkov.org.ua/napriamky/sotsiologichni-doslidzhennia/otsinka-gromadianamy-sytuatsii-v-kraini-bachennia-shliakhiv-vyrishennia-bezpekovykh-problem-sichen-liutyi-2026r
P64,RAZUMKOV_MINIMUM_PEACE,Вересень 2025,2025-09,Фіксація нинішнього фронту,0.207,R26FULL,Мінімальні територіальні умови,ЗМІНЕНО перелік відповідей: нові варіанти виведення військ з’являються пізніше. Відсутній варіант не дорівнює 0%.,https://razumkov.org.ua/napriamky/sotsiologichni-doslidzhennia/otsinka-gromadianamy-sytuatsii-v-kraini-bachennia-shliakhiv-vyrishennia-bezpekovykh-problem-sichen-liutyi-2026r
P64,RAZUMKOV_MINIMUM_PEACE,Вересень 2025,2025-09,Виведення ЗСУ з усіх чотирьох областей,0.062,R26FULL,Мінімальні територіальні умови,ЗМІНЕНО перелік відповідей: нові варіанти виведення військ з’являються пізніше. Відсутній варіант не дорівнює 0%.,https://razumkov.org.ua/napriamky/sotsiologichni-doslidzhennia/otsinka-gromadianamy-sytuatsii-v-kraini-bachennia-shliakhiv-vyrishennia-bezpekovykh-problem-sichen-liutyi-2026r
P64,RAZUMKOV_MINIMUM_PEACE,Вересень 2025,2025-09,Не визначилися,0.131,R26FULL,Мінімальні територіальні умови,ЗМІНЕНО перелік відповідей: нові варіанти виведення військ з’являються пізніше. Відсутній варіант не дорівнює 0%.,https://razumkov.org.ua/napriamky/sotsiologichni-doslidzhennia/otsinka-gromadianamy-sytuatsii-v-kraini-bachennia-shliakhiv-vyrishennia-bezpekovykh-problem-sichen-liutyi-2026r
P03,RAZUMKOV_MINIMUM_PEACE,Січень–лютий 2026,2026-02,Кордони 1991,0.332,R26FULL,Мінімальні територіальні умови,ЗМІНЕНО перелік відповідей: нові варіанти виведення військ з’являються пізніше. Відсутній варіант не дорівнює 0%.,https://razumkov.org.ua/napriamky/sotsiologichni-doslidzhennia/otsinka-gromadianamy-sytuatsii-v-kraini-bachennia-shliakhiv-vyrishennia-bezpekovykh-problem-sichen-liutyi-2026r
P03,RAZUMKOV_MINIMUM_PEACE,Січень–лютий 2026,2026-02,Кордони до повномасштабного вторгнення,0.255,R26FULL,Мінімальні територіальні умови,ЗМІНЕНО перелік відповідей: нові варіанти виведення військ з’являються пізніше. Відсутній варіант не дорівнює 0%.,https://razumkov.org.ua/napriamky/sotsiologichni-doslidzhennia/otsinka-gromadianamy-sytuatsii-v-kraini-bachennia-shliakhiv-vyrishennia-bezpekovykh-problem-sichen-liutyi-2026r
P03,RAZUMKOV_MINIMUM_PEACE,Січень–лютий 2026,2026-02,Фіксація нинішнього фронту,0.235,R26FULL,Мінімальні територіальні умови,ЗМІНЕНО перелік відповідей: нові варіанти виведення військ з’являються пізніше. Відсутній варіант не дорівнює 0%.,https://razumkov.org.ua/napriamky/sotsiologichni-doslidzhennia/otsinka-gromadianamy-sytuatsii-v-kraini-bachennia-shliakhiv-vyrishennia-bezpekovykh-problem-sichen-liutyi-2026r
P03,RAZUMKOV_MINIMUM_PEACE,Січень–лютий 2026,2026-02,Виведення ЗСУ з Донбасу,0.037,R26FULL,Мінімальні територіальні умови,ЗМІНЕНО перелік відповідей: нові варіанти виведення військ з’являються пізніше. Відсутній варіант не дорівнює 0%.,https://razumkov.org.ua/napriamky/sotsiologichni-doslidzhennia/otsinka-gromadianamy-sytuatsii-v-kraini-bachennia-shliakhiv-vyrishennia-bezpekovykh-problem-sichen-liutyi-2026r
P03,RAZUMKOV_MINIMUM_PEACE,Січень–лютий 2026,2026-02,Виведення ЗСУ з усіх чотирьох областей,0.037,R26FULL,Мінімальні територіальні умови,ЗМІНЕНО перелік відповідей: нові варіанти виведення військ з’являються пізніше. Відсутній варіант не дорівнює 0%.,https://razumkov.org.ua/napriamky/sotsiologichni-doslidzhennia/otsinka-gromadianamy-sytuatsii-v-kraini-bachennia-shliakhiv-vyrishennia-bezpekovykh-problem-sichen-liutyi-2026r
P03,RAZUMKOV_MINIMUM_PEACE,Січень–лютий 2026,2026-02,Не визначилися,0.103,R26FULL,Мінімальні територіальні умови,ЗМІНЕНО перелік відповідей: нові варіанти виведення військ з’являються пізніше. Відсутній варіант не дорівнює 0%.,https://razumkov.org.ua/napriamky/sotsiologichni-doslidzhennia/otsinka-gromadianamy-sytuatsii-v-kraini-bachennia-shliakhiv-vyrishennia-bezpekovykh-problem-sichen-liutyi-2026r
P65,RAZUMKOV_WHEN_TALKS,Вересень–жовтень 2022,2022-10,Згода: зараз це ефективний шлях,0.166,R24S,PDF с.21,"Кожне твердження має власні згодні/незгодні/невизначені; не взаємовиключні групи, сума не має дорівнювати 100%.",https://razumkov.org.ua/images/2024/12/10/2024-PAKT-November-RC.pdf
P65,RAZUMKOV_WHEN_TALKS,Вересень–жовтень 2022,2022-10,Згода: лише після повернення до лінії 23.02.2022,0.206,R24S,PDF с.21,"Кожне твердження має власні згодні/незгодні/невизначені; не взаємовиключні групи, сума не має дорівнювати 100%.",https://razumkov.org.ua/images/2024/12/10/2024-PAKT-November-RC.pdf
P65,RAZUMKOV_WHEN_TALKS,Вересень–жовтень 2022,2022-10,Згода: лише після відновлення кордонів 1991,0.575,R24S,PDF с.21,"Кожне твердження має власні згодні/незгодні/невизначені; не взаємовиключні групи, сума не має дорівнювати 100%.",https://razumkov.org.ua/images/2024/12/10/2024-PAKT-November-RC.pdf
P66,RAZUMKOV_WHEN_TALKS,Лютий–березень 2023,2023-03,Згода: зараз це ефективний шлях,0.131,R24S,PDF с.21,"Кожне твердження має власні згодні/незгодні/невизначені; не взаємовиключні групи, сума не має дорівнювати 100%.",https://razumkov.org.ua/images/2024/12/10/2024-PAKT-November-RC.pdf
P66,RAZUMKOV_WHEN_TALKS,Лютий–березень 2023,2023-03,Згода: лише після повернення до лінії 23.02.2022,0.176,R24S,PDF с.21,"Кожне твердження має власні згодні/незгодні/невизначені; не взаємовиключні групи, сума не має дорівнювати 100%.",https://razumkov.org.ua/images/2024/12/10/2024-PAKT-November-RC.pdf
P66,RAZUMKOV_WHEN_TALKS,Лютий–березень 2023,2023-03,Згода: лише після відновлення кордонів 1991,0.607,R24S,PDF с.21,"Кожне твердження має власні згодні/незгодні/невизначені; не взаємовиключні групи, сума не має дорівнювати 100%.",https://razumkov.org.ua/images/2024/12/10/2024-PAKT-November-RC.pdf
P67,RAZUMKOV_WHEN_TALKS,Вересень–жовтень 2023,2023-10,Згода: зараз це ефективний шлях,0.209,R24S,PDF с.21,"Кожне твердження має власні згодні/незгодні/невизначені; не взаємовиключні групи, сума не має дорівнювати 100%.",https://razumkov.org.ua/images/2024/12/10/2024-PAKT-November-RC.pdf
P67,RAZUMKOV_WHEN_TALKS,Вересень–жовтень 2023,2023-10,Згода: лише після повернення до лінії 23.02.2022,0.251,R24S,PDF с.21,"Кожне твердження має власні згодні/незгодні/невизначені; не взаємовиключні групи, сума не має дорівнювати 100%.",https://razumkov.org.ua/images/2024/12/10/2024-PAKT-November-RC.pdf
P67,RAZUMKOV_WHEN_TALKS,Вересень–жовтень 2023,2023-10,Згода: лише після відновлення кордонів 1991,0.608,R24S,PDF с.21,"Кожне твердження має власні згодні/незгодні/невизначені; не взаємовиключні групи, сума не має дорівнювати 100%.",https://razumkov.org.ua/images/2024/12/10/2024-PAKT-November-RC.pdf
P68,RAZUMKOV_WHEN_TALKS,Вересень 2024,2024-09,Згода: зараз це ефективний шлях,0.352,R24S,PDF с.21,"Кожне твердження має власні згодні/незгодні/невизначені; не взаємовиключні групи, сума не має дорівнювати 100%.",https://razumkov.org.ua/images/2024/12/10/2024-PAKT-November-RC.pdf
P68,RAZUMKOV_WHEN_TALKS,Вересень 2024,2024-09,Згода: лише після повернення до лінії 23.02.2022,0.372,R24S,PDF с.21,"Кожне твердження має власні згодні/незгодні/невизначені; не взаємовиключні групи, сума не має дорівнювати 100%.",https://razumkov.org.ua/images/2024/12/10/2024-PAKT-November-RC.pdf
P68,RAZUMKOV_WHEN_TALKS,Вересень 2024,2024-09,Згода: лише після відновлення кордонів 1991,0.494,R24S,PDF с.21,"Кожне твердження має власні згодні/незгодні/невизначені; не взаємовиключні групи, сума не має дорівнювати 100%.",https://razumkov.org.ua/images/2024/12/10/2024-PAKT-November-RC.pdf
P77,SOCIS_WAR_SCENARIO,2024-03,2024-03,Компроміс за участю лідерів інших країн,0.361,SC20251121P,PDF с.47,2024 варіант заморожування згадував Мінські угоди; у пізніших варіантах ця згадка відсутня. Березень 2025 — 16+. Інше/невизначені тут не показані.,https://socis.kiev.ua/wp-content/uploads/2025/11/Present_UA_Barometr_F2F_n2000_Oktober_2025.pdf
P77,SOCIS_WAR_SCENARIO,2024-03,2024-03,Бойові дії до кордонів 1991,0.335,SC20251121P,PDF с.47,2024 варіант заморожування згадував Мінські угоди; у пізніших варіантах ця згадка відсутня. Березень 2025 — 16+. Інше/невизначені тут не показані.,https://socis.kiev.ua/wp-content/uploads/2025/11/Present_UA_Barometr_F2F_n2000_Oktober_2025.pdf
P77,SOCIS_WAR_SCENARIO,2024-03,2024-03,Тимчасове заморожування фронту,0.082,SC20251121P,PDF с.47,2024 варіант заморожування згадував Мінські угоди; у пізніших варіантах ця згадка відсутня. Березень 2025 — 16+. Інше/невизначені тут не показані.,https://socis.kiev.ua/wp-content/uploads/2025/11/Present_UA_Barometr_F2F_n2000_Oktober_2025.pdf
P77,SOCIS_WAR_SCENARIO,2024-03,2024-03,Бойові дії до кордонів 23.02.2022,0.11,SC20251121P,PDF с.47,2024 варіант заморожування згадував Мінські угоди; у пізніших варіантах ця згадка відсутня. Березень 2025 — 16+. Інше/невизначені тут не показані.,https://socis.kiev.ua/wp-content/uploads/2025/11/Present_UA_Barometr_F2F_n2000_Oktober_2025.pdf
P71,SOCIS_WAR_SCENARIO,2024-05,2024-05,Компроміс за участю лідерів інших країн,0.461,SC20251121P,PDF с.47,2024 варіант заморожування згадував Мінські угоди; у пізніших варіантах ця згадка відсутня. Березень 2025 — 16+. Інше/невизначені тут не показані.,https://socis.kiev.ua/wp-content/uploads/2025/11/Present_UA_Barometr_F2F_n2000_Oktober_2025.pdf
P71,SOCIS_WAR_SCENARIO,2024-05,2024-05,Бойові дії до кордонів 1991,0.262,SC20251121P,PDF с.47,2024 варіант заморожування згадував Мінські угоди; у пізніших варіантах ця згадка відсутня. Березень 2025 — 16+. Інше/невизначені тут не показані.,https://socis.kiev.ua/wp-content/uploads/2025/11/Present_UA_Barometr_F2F_n2000_Oktober_2025.pdf
P71,SOCIS_WAR_SCENARIO,2024-05,2024-05,Тимчасове заморожування фронту,0.104,SC20251121P,PDF с.47,2024 варіант заморожування згадував Мінські угоди; у пізніших варіантах ця згадка відсутня. Березень 2025 — 16+. Інше/невизначені тут не показані.,https://socis.kiev.ua/wp-content/uploads/2025/11/Present_UA_Barometr_F2F_n2000_Oktober_2025.pdf
P71,SOCIS_WAR_SCENARIO,2024-05,2024-05,Бойові дії до кордонів 23.02.2022,0.097,SC20251121P,PDF с.47,2024 варіант заморожування згадував Мінські угоди; у пізніших варіантах ця згадка відсутня. Березень 2025 — 16+. Інше/невизначені тут не показані.,https://socis.kiev.ua/wp-content/uploads/2025/11/Present_UA_Barometr_F2F_n2000_Oktober_2025.pdf
P78,SOCIS_WAR_SCENARIO,2024-10,2024-10,Компроміс за участю лідерів інших країн,0.494,SC20251121P,PDF с.47,2024 варіант заморожування згадував Мінські угоди; у пізніших варіантах ця згадка відсутня. Березень 2025 — 16+. Інше/невизначені тут не показані.,https://socis.kiev.ua/wp-content/uploads/2025/11/Present_UA_Barometr_F2F_n2000_Oktober_2025.pdf
P78,SOCIS_WAR_SCENARIO,2024-10,2024-10,Бойові дії до кордонів 1991,0.184,SC20251121P,PDF с.47,2024 варіант заморожування згадував Мінські угоди; у пізніших варіантах ця згадка відсутня. Березень 2025 — 16+. Інше/невизначені тут не показані.,https://socis.kiev.ua/wp-content/uploads/2025/11/Present_UA_Barometr_F2F_n2000_Oktober_2025.pdf
P78,SOCIS_WAR_SCENARIO,2024-10,2024-10,Тимчасове заморожування фронту,0.178,SC20251121P,PDF с.47,2024 варіант заморожування згадував Мінські угоди; у пізніших варіантах ця згадка відсутня. Березень 2025 — 16+. Інше/невизначені тут не показані.,https://socis.kiev.ua/wp-content/uploads/2025/11/Present_UA_Barometr_F2F_n2000_Oktober_2025.pdf
P78,SOCIS_WAR_SCENARIO,2024-10,2024-10,Бойові дії до кордонів 23.02.2022,0.086,SC20251121P,PDF с.47,2024 варіант заморожування згадував Мінські угоди; у пізніших варіантах ця згадка відсутня. Березень 2025 — 16+. Інше/невизначені тут не показані.,https://socis.kiev.ua/wp-content/uploads/2025/11/Present_UA_Barometr_F2F_n2000_Oktober_2025.pdf
P79,SOCIS_WAR_SCENARIO,2024-12,2024-12,Компроміс за участю лідерів інших країн,0.506,SC20251121P,PDF с.47,2024 варіант заморожування згадував Мінські угоди; у пізніших варіантах ця згадка відсутня. Березень 2025 — 16+. Інше/невизначені тут не показані.,https://socis.kiev.ua/wp-content/uploads/2025/11/Present_UA_Barometr_F2F_n2000_Oktober_2025.pdf
P79,SOCIS_WAR_SCENARIO,2024-12,2024-12,Бойові дії до кордонів 1991,0.147,SC20251121P,PDF с.47,2024 варіант заморожування згадував Мінські угоди; у пізніших варіантах ця згадка відсутня. Березень 2025 — 16+. Інше/невизначені тут не показані.,https://socis.kiev.ua/wp-content/uploads/2025/11/Present_UA_Barometr_F2F_n2000_Oktober_2025.pdf
P79,SOCIS_WAR_SCENARIO,2024-12,2024-12,Тимчасове заморожування фронту,0.195,SC20251121P,PDF с.47,2024 варіант заморожування згадував Мінські угоди; у пізніших варіантах ця згадка відсутня. Березень 2025 — 16+. Інше/невизначені тут не показані.,https://socis.kiev.ua/wp-content/uploads/2025/11/Present_UA_Barometr_F2F_n2000_Oktober_2025.pdf
P79,SOCIS_WAR_SCENARIO,2024-12,2024-12,Бойові дії до кордонів 23.02.2022,0.102,SC20251121P,PDF с.47,2024 варіант заморожування згадував Мінські угоди; у пізніших варіантах ця згадка відсутня. Березень 2025 — 16+. Інше/невизначені тут не показані.,https://socis.kiev.ua/wp-content/uploads/2025/11/Present_UA_Barometr_F2F_n2000_Oktober_2025.pdf
P72,SOCIS_WAR_SCENARIO,2025-02,2025-02,Компроміс за участю лідерів інших країн,0.583,SC20251121P,PDF с.47,2024 варіант заморожування згадував Мінські угоди; у пізніших варіантах ця згадка відсутня. Березень 2025 — 16+. Інше/невизначені тут не показані.,https://socis.kiev.ua/wp-content/uploads/2025/11/Present_UA_Barometr_F2F_n2000_Oktober_2025.pdf
P72,SOCIS_WAR_SCENARIO,2025-02,2025-02,Бойові дії до кордонів 1991,0.107,SC20251121P,PDF с.47,2024 варіант заморожування згадував Мінські угоди; у пізніших варіантах ця згадка відсутня. Березень 2025 — 16+. Інше/невизначені тут не показані.,https://socis.kiev.ua/wp-content/uploads/2025/11/Present_UA_Barometr_F2F_n2000_Oktober_2025.pdf
P72,SOCIS_WAR_SCENARIO,2025-02,2025-02,Тимчасове заморожування фронту,0.176,SC20251121P,PDF с.47,2024 варіант заморожування згадував Мінські угоди; у пізніших варіантах ця згадка відсутня. Березень 2025 — 16+. Інше/невизначені тут не показані.,https://socis.kiev.ua/wp-content/uploads/2025/11/Present_UA_Barometr_F2F_n2000_Oktober_2025.pdf
P72,SOCIS_WAR_SCENARIO,2025-02,2025-02,Бойові дії до кордонів 23.02.2022,0.08,SC20251121P,PDF с.47,2024 варіант заморожування згадував Мінські угоди; у пізніших варіантах ця згадка відсутня. Березень 2025 — 16+. Інше/невизначені тут не показані.,https://socis.kiev.ua/wp-content/uploads/2025/11/Present_UA_Barometr_F2F_n2000_Oktober_2025.pdf
P73,SOCIS_WAR_SCENARIO,2025-03,2025-03,Компроміс за участю лідерів інших країн,0.565,SC20251121P,PDF с.47,2024 варіант заморожування згадував Мінські угоди; у пізніших варіантах ця згадка відсутня. Березень 2025 — 16+. Інше/невизначені тут не показані.,https://socis.kiev.ua/wp-content/uploads/2025/11/Present_UA_Barometr_F2F_n2000_Oktober_2025.pdf
P73,SOCIS_WAR_SCENARIO,2025-03,2025-03,Бойові дії до кордонів 1991,0.11,SC20251121P,PDF с.47,2024 варіант заморожування згадував Мінські угоди; у пізніших варіантах ця згадка відсутня. Березень 2025 — 16+. Інше/невизначені тут не показані.,https://socis.kiev.ua/wp-content/uploads/2025/11/Present_UA_Barometr_F2F_n2000_Oktober_2025.pdf
P73,SOCIS_WAR_SCENARIO,2025-03,2025-03,Тимчасове заморожування фронту,0.172,SC20251121P,PDF с.47,2024 варіант заморожування згадував Мінські угоди; у пізніших варіантах ця згадка відсутня. Березень 2025 — 16+. Інше/невизначені тут не показані.,https://socis.kiev.ua/wp-content/uploads/2025/11/Present_UA_Barometr_F2F_n2000_Oktober_2025.pdf
P73,SOCIS_WAR_SCENARIO,2025-03,2025-03,Бойові дії до кордонів 23.02.2022,0.077,SC20251121P,PDF с.47,2024 варіант заморожування згадував Мінські угоди; у пізніших варіантах ця згадка відсутня. Березень 2025 — 16+. Інше/невизначені тут не показані.,https://socis.kiev.ua/wp-content/uploads/2025/11/Present_UA_Barometr_F2F_n2000_Oktober_2025.pdf
P80,SOCIS_WAR_SCENARIO,2025-04,2025-04,Компроміс за участю лідерів інших країн,0.566,SC20251121P,PDF с.47,2024 варіант заморожування згадував Мінські угоди; у пізніших варіантах ця згадка відсутня. Березень 2025 — 16+. Інше/невизначені тут не показані.,https://socis.kiev.ua/wp-content/uploads/2025/11/Present_UA_Barometr_F2F_n2000_Oktober_2025.pdf
P80,SOCIS_WAR_SCENARIO,2025-04,2025-04,Бойові дії до кордонів 1991,0.142,SC20251121P,PDF с.47,2024 варіант заморожування згадував Мінські угоди; у пізніших варіантах ця згадка відсутня. Березень 2025 — 16+. Інше/невизначені тут не показані.,https://socis.kiev.ua/wp-content/uploads/2025/11/Present_UA_Barometr_F2F_n2000_Oktober_2025.pdf
P80,SOCIS_WAR_SCENARIO,2025-04,2025-04,Тимчасове заморожування фронту,0.151,SC20251121P,PDF с.47,2024 варіант заморожування згадував Мінські угоди; у пізніших варіантах ця згадка відсутня. Березень 2025 — 16+. Інше/невизначені тут не показані.,https://socis.kiev.ua/wp-content/uploads/2025/11/Present_UA_Barometr_F2F_n2000_Oktober_2025.pdf
P80,SOCIS_WAR_SCENARIO,2025-04,2025-04,Бойові дії до кордонів 23.02.2022,0.082,SC20251121P,PDF с.47,2024 варіант заморожування згадував Мінські угоди; у пізніших варіантах ця згадка відсутня. Березень 2025 — 16+. Інше/невизначені тут не показані.,https://socis.kiev.ua/wp-content/uploads/2025/11/Present_UA_Barometr_F2F_n2000_Oktober_2025.pdf
P74,SOCIS_WAR_SCENARIO,2025-06,2025-06,Компроміс за участю лідерів інших країн,0.557,SC20251121P,PDF с.47,2024 варіант заморожування згадував Мінські угоди; у пізніших варіантах ця згадка відсутня. Березень 2025 — 16+. Інше/невизначені тут не показані.,https://socis.kiev.ua/wp-content/uploads/2025/11/Present_UA_Barometr_F2F_n2000_Oktober_2025.pdf
P74,SOCIS_WAR_SCENARIO,2025-06,2025-06,Бойові дії до кордонів 1991,0.128,SC20251121P,PDF с.47,2024 варіант заморожування згадував Мінські угоди; у пізніших варіантах ця згадка відсутня. Березень 2025 — 16+. Інше/невизначені тут не показані.,https://socis.kiev.ua/wp-content/uploads/2025/11/Present_UA_Barometr_F2F_n2000_Oktober_2025.pdf
P74,SOCIS_WAR_SCENARIO,2025-06,2025-06,Тимчасове заморожування фронту,0.166,SC20251121P,PDF с.47,2024 варіант заморожування згадував Мінські угоди; у пізніших варіантах ця згадка відсутня. Березень 2025 — 16+. Інше/невизначені тут не показані.,https://socis.kiev.ua/wp-content/uploads/2025/11/Present_UA_Barometr_F2F_n2000_Oktober_2025.pdf
P74,SOCIS_WAR_SCENARIO,2025-06,2025-06,Бойові дії до кордонів 23.02.2022,0.086,SC20251121P,PDF с.47,2024 варіант заморожування згадував Мінські угоди; у пізніших варіантах ця згадка відсутня. Березень 2025 — 16+. Інше/невизначені тут не показані.,https://socis.kiev.ua/wp-content/uploads/2025/11/Present_UA_Barometr_F2F_n2000_Oktober_2025.pdf
P81,SOCIS_WAR_SCENARIO,2025-09,2025-09,Компроміс за участю лідерів інших країн,0.545,SC20251121P,PDF с.47,2024 варіант заморожування згадував Мінські угоди; у пізніших варіантах ця згадка відсутня. Березень 2025 — 16+. Інше/невизначені тут не показані.,https://socis.kiev.ua/wp-content/uploads/2025/11/Present_UA_Barometr_F2F_n2000_Oktober_2025.pdf
P81,SOCIS_WAR_SCENARIO,2025-09,2025-09,Бойові дії до кордонів 1991,0.116,SC20251121P,PDF с.47,2024 варіант заморожування згадував Мінські угоди; у пізніших варіантах ця згадка відсутня. Березень 2025 — 16+. Інше/невизначені тут не показані.,https://socis.kiev.ua/wp-content/uploads/2025/11/Present_UA_Barometr_F2F_n2000_Oktober_2025.pdf
P81,SOCIS_WAR_SCENARIO,2025-09,2025-09,Тимчасове заморожування фронту,0.209,SC20251121P,PDF с.47,2024 варіант заморожування згадував Мінські угоди; у пізніших варіантах ця згадка відсутня. Березень 2025 — 16+. Інше/невизначені тут не показані.,https://socis.kiev.ua/wp-content/uploads/2025/11/Present_UA_Barometr_F2F_n2000_Oktober_2025.pdf
P81,SOCIS_WAR_SCENARIO,2025-09,2025-09,Бойові дії до кордонів 23.02.2022,0.074,SC20251121P,PDF с.47,2024 варіант заморожування згадував Мінські угоди; у пізніших варіантах ця згадка відсутня. Березень 2025 — 16+. Інше/невизначені тут не показані.,https://socis.kiev.ua/wp-content/uploads/2025/11/Present_UA_Barometr_F2F_n2000_Oktober_2025.pdf
P75,SOCIS_WAR_SCENARIO,2025-10,2025-10,Компроміс за участю лідерів інших країн,0.582,SC20251121P,PDF с.47,2024 варіант заморожування згадував Мінські угоди; у пізніших варіантах ця згадка відсутня. Березень 2025 — 16+. Інше/невизначені тут не показані.,https://socis.kiev.ua/wp-content/uploads/2025/11/Present_UA_Barometr_F2F_n2000_Oktober_2025.pdf
P75,SOCIS_WAR_SCENARIO,2025-10,2025-10,Бойові дії до кордонів 1991,0.102,SC20251121P,PDF с.47,2024 варіант заморожування згадував Мінські угоди; у пізніших варіантах ця згадка відсутня. Березень 2025 — 16+. Інше/невизначені тут не показані.,https://socis.kiev.ua/wp-content/uploads/2025/11/Present_UA_Barometr_F2F_n2000_Oktober_2025.pdf
P75,SOCIS_WAR_SCENARIO,2025-10,2025-10,Тимчасове заморожування фронту,0.19,SC20251121P,PDF с.47,2024 варіант заморожування згадував Мінські угоди; у пізніших варіантах ця згадка відсутня. Березень 2025 — 16+. Інше/невизначені тут не показані.,https://socis.kiev.ua/wp-content/uploads/2025/11/Present_UA_Barometr_F2F_n2000_Oktober_2025.pdf
P75,SOCIS_WAR_SCENARIO,2025-10,2025-10,Бойові дії до кордонів 23.02.2022,0.087,SC20251121P,PDF с.47,2024 варіант заморожування згадував Мінські угоди; у пізніших варіантах ця згадка відсутня. Березень 2025 — 16+. Інше/невизначені тут не показані.,https://socis.kiev.ua/wp-content/uploads/2025/11/Present_UA_Barometr_F2F_n2000_Oktober_2025.pdf
P72,SOCIS_CONCESSIONS_MULTI,2025-02,2025-02,Відмова від НАТО,0.321,SC20251121P,PDF с.48,Кілька відповідей. Варіант «жодних поступок» додано з червня 2025; падіння невизначених не можна трактувати як чисту зміну настроїв.,https://socis.kiev.ua/wp-content/uploads/2025/11/Present_UA_Barometr_F2F_n2000_Oktober_2025.pdf
P72,SOCIS_CONCESSIONS_MULTI,2025-02,2025-02,Російська офіційна на певних територіях,0.137,SC20251121P,PDF с.48,Кілька відповідей. Варіант «жодних поступок» додано з червня 2025; падіння невизначених не можна трактувати як чисту зміну настроїв.,https://socis.kiev.ua/wp-content/uploads/2025/11/Present_UA_Barometr_F2F_n2000_Oktober_2025.pdf
P72,SOCIS_CONCESSIONS_MULTI,2025-02,2025-02,Територіальні поступки,0.211,SC20251121P,PDF с.48,Кілька відповідей. Варіант «жодних поступок» додано з червня 2025; падіння невизначених не можна трактувати як чисту зміну настроїв.,https://socis.kiev.ua/wp-content/uploads/2025/11/Present_UA_Barometr_F2F_n2000_Oktober_2025.pdf
P72,SOCIS_CONCESSIONS_MULTI,2025-02,2025-02,Відмова від ЄС,0.232,SC20251121P,PDF с.48,Кілька відповідей. Варіант «жодних поступок» додано з червня 2025; падіння невизначених не можна трактувати як чисту зміну настроїв.,https://socis.kiev.ua/wp-content/uploads/2025/11/Present_UA_Barometr_F2F_n2000_Oktober_2025.pdf
P72,SOCIS_CONCESSIONS_MULTI,2025-02,2025-02,Скорочення армії,0.035,SC20251121P,PDF с.48,Кілька відповідей. Варіант «жодних поступок» додано з червня 2025; падіння невизначених не можна трактувати як чисту зміну настроїв.,https://socis.kiev.ua/wp-content/uploads/2025/11/Present_UA_Barometr_F2F_n2000_Oktober_2025.pdf
P72,SOCIS_CONCESSIONS_MULTI,2025-02,2025-02,Не визначилися,0.35,SC20251121P,PDF с.48,Кілька відповідей. Варіант «жодних поступок» додано з червня 2025; падіння невизначених не можна трактувати як чисту зміну настроїв.,https://socis.kiev.ua/wp-content/uploads/2025/11/Present_UA_Barometr_F2F_n2000_Oktober_2025.pdf
P80,SOCIS_CONCESSIONS_MULTI,2025-04,2025-04,Відмова від НАТО,0.34,SC20251121P,PDF с.48,Кілька відповідей. Варіант «жодних поступок» додано з червня 2025; падіння невизначених не можна трактувати як чисту зміну настроїв.,https://socis.kiev.ua/wp-content/uploads/2025/11/Present_UA_Barometr_F2F_n2000_Oktober_2025.pdf
P80,SOCIS_CONCESSIONS_MULTI,2025-04,2025-04,Російська офіційна на певних територіях,0.117,SC20251121P,PDF с.48,Кілька відповідей. Варіант «жодних поступок» додано з червня 2025; падіння невизначених не можна трактувати як чисту зміну настроїв.,https://socis.kiev.ua/wp-content/uploads/2025/11/Present_UA_Barometr_F2F_n2000_Oktober_2025.pdf
P80,SOCIS_CONCESSIONS_MULTI,2025-04,2025-04,Територіальні поступки,0.156,SC20251121P,PDF с.48,Кілька відповідей. Варіант «жодних поступок» додано з червня 2025; падіння невизначених не можна трактувати як чисту зміну настроїв.,https://socis.kiev.ua/wp-content/uploads/2025/11/Present_UA_Barometr_F2F_n2000_Oktober_2025.pdf
P80,SOCIS_CONCESSIONS_MULTI,2025-04,2025-04,Відмова від ЄС,0.167,SC20251121P,PDF с.48,Кілька відповідей. Варіант «жодних поступок» додано з червня 2025; падіння невизначених не можна трактувати як чисту зміну настроїв.,https://socis.kiev.ua/wp-content/uploads/2025/11/Present_UA_Barometr_F2F_n2000_Oktober_2025.pdf
P80,SOCIS_CONCESSIONS_MULTI,2025-04,2025-04,Скорочення армії,0.044,SC20251121P,PDF с.48,Кілька відповідей. Варіант «жодних поступок» додано з червня 2025; падіння невизначених не можна трактувати як чисту зміну настроїв.,https://socis.kiev.ua/wp-content/uploads/2025/11/Present_UA_Barometr_F2F_n2000_Oktober_2025.pdf
P80,SOCIS_CONCESSIONS_MULTI,2025-04,2025-04,Не визначилися,0.431,SC20251121P,PDF с.48,Кілька відповідей. Варіант «жодних поступок» додано з червня 2025; падіння невизначених не можна трактувати як чисту зміну настроїв.,https://socis.kiev.ua/wp-content/uploads/2025/11/Present_UA_Barometr_F2F_n2000_Oktober_2025.pdf
P74,SOCIS_CONCESSIONS_MULTI,2025-06,2025-06,Відмова від НАТО,0.363,SC20251121P,PDF с.48,Кілька відповідей. Варіант «жодних поступок» додано з червня 2025; падіння невизначених не можна трактувати як чисту зміну настроїв.,https://socis.kiev.ua/wp-content/uploads/2025/11/Present_UA_Barometr_F2F_n2000_Oktober_2025.pdf
P74,SOCIS_CONCESSIONS_MULTI,2025-06,2025-06,Російська офіційна на певних територіях,0.151,SC20251121P,PDF с.48,Кілька відповідей. Варіант «жодних поступок» додано з червня 2025; падіння невизначених не можна трактувати як чисту зміну настроїв.,https://socis.kiev.ua/wp-content/uploads/2025/11/Present_UA_Barometr_F2F_n2000_Oktober_2025.pdf
P74,SOCIS_CONCESSIONS_MULTI,2025-06,2025-06,Територіальні поступки,0.165,SC20251121P,PDF с.48,Кілька відповідей. Варіант «жодних поступок» додано з червня 2025; падіння невизначених не можна трактувати як чисту зміну настроїв.,https://socis.kiev.ua/wp-content/uploads/2025/11/Present_UA_Barometr_F2F_n2000_Oktober_2025.pdf
P74,SOCIS_CONCESSIONS_MULTI,2025-06,2025-06,Відмова від ЄС,0.21,SC20251121P,PDF с.48,Кілька відповідей. Варіант «жодних поступок» додано з червня 2025; падіння невизначених не можна трактувати як чисту зміну настроїв.,https://socis.kiev.ua/wp-content/uploads/2025/11/Present_UA_Barometr_F2F_n2000_Oktober_2025.pdf
P74,SOCIS_CONCESSIONS_MULTI,2025-06,2025-06,Скорочення армії,0.069,SC20251121P,PDF с.48,Кілька відповідей. Варіант «жодних поступок» додано з червня 2025; падіння невизначених не можна трактувати як чисту зміну настроїв.,https://socis.kiev.ua/wp-content/uploads/2025/11/Present_UA_Barometr_F2F_n2000_Oktober_2025.pdf
P74,SOCIS_CONCESSIONS_MULTI,2025-06,2025-06,Жодних поступок,0.297,SC20251121P,PDF с.48,Кілька відповідей. Варіант «жодних поступок» додано з червня 2025; падіння невизначених не можна трактувати як чисту зміну настроїв.,https://socis.kiev.ua/wp-content/uploads/2025/11/Present_UA_Barometr_F2F_n2000_Oktober_2025.pdf
P74,SOCIS_CONCESSIONS_MULTI,2025-06,2025-06,Не визначилися,0.126,SC20251121P,PDF с.48,Кілька відповідей. Варіант «жодних поступок» додано з червня 2025; падіння невизначених не можна трактувати як чисту зміну настроїв.,https://socis.kiev.ua/wp-content/uploads/2025/11/Present_UA_Barometr_F2F_n2000_Oktober_2025.pdf
P81,SOCIS_CONCESSIONS_MULTI,2025-09,2025-09,Відмова від НАТО,0.367,SC20251121P,PDF с.48,Кілька відповідей. Варіант «жодних поступок» додано з червня 2025; падіння невизначених не можна трактувати як чисту зміну настроїв.,https://socis.kiev.ua/wp-content/uploads/2025/11/Present_UA_Barometr_F2F_n2000_Oktober_2025.pdf
P81,SOCIS_CONCESSIONS_MULTI,2025-09,2025-09,Російська офіційна на певних територіях,0.199,SC20251121P,PDF с.48,Кілька відповідей. Варіант «жодних поступок» додано з червня 2025; падіння невизначених не можна трактувати як чисту зміну настроїв.,https://socis.kiev.ua/wp-content/uploads/2025/11/Present_UA_Barometr_F2F_n2000_Oktober_2025.pdf
P81,SOCIS_CONCESSIONS_MULTI,2025-09,2025-09,Територіальні поступки,0.19,SC20251121P,PDF с.48,Кілька відповідей. Варіант «жодних поступок» додано з червня 2025; падіння невизначених не можна трактувати як чисту зміну настроїв.,https://socis.kiev.ua/wp-content/uploads/2025/11/Present_UA_Barometr_F2F_n2000_Oktober_2025.pdf
P81,SOCIS_CONCESSIONS_MULTI,2025-09,2025-09,Відмова від ЄС,0.176,SC20251121P,PDF с.48,Кілька відповідей. Варіант «жодних поступок» додано з червня 2025; падіння невизначених не можна трактувати як чисту зміну настроїв.,https://socis.kiev.ua/wp-content/uploads/2025/11/Present_UA_Barometr_F2F_n2000_Oktober_2025.pdf
P81,SOCIS_CONCESSIONS_MULTI,2025-09,2025-09,Скорочення армії,0.042,SC20251121P,PDF с.48,Кілька відповідей. Варіант «жодних поступок» додано з червня 2025; падіння невизначених не можна трактувати як чисту зміну настроїв.,https://socis.kiev.ua/wp-content/uploads/2025/11/Present_UA_Barometr_F2F_n2000_Oktober_2025.pdf
P81,SOCIS_CONCESSIONS_MULTI,2025-09,2025-09,Жодних поступок,0.279,SC20251121P,PDF с.48,Кілька відповідей. Варіант «жодних поступок» додано з червня 2025; падіння невизначених не можна трактувати як чисту зміну настроїв.,https://socis.kiev.ua/wp-content/uploads/2025/11/Present_UA_Barometr_F2F_n2000_Oktober_2025.pdf
P81,SOCIS_CONCESSIONS_MULTI,2025-09,2025-09,Не визначилися,0.09,SC20251121P,PDF с.48,Кілька відповідей. Варіант «жодних поступок» додано з червня 2025; падіння невизначених не можна трактувати як чисту зміну настроїв.,https://socis.kiev.ua/wp-content/uploads/2025/11/Present_UA_Barometr_F2F_n2000_Oktober_2025.pdf
P75,SOCIS_CONCESSIONS_MULTI,2025-10,2025-10,Відмова від НАТО,0.333,SC20251121P,PDF с.48,Кілька відповідей. Варіант «жодних поступок» додано з червня 2025; падіння невизначених не можна трактувати як чисту зміну настроїв.,https://socis.kiev.ua/wp-content/uploads/2025/11/Present_UA_Barometr_F2F_n2000_Oktober_2025.pdf
P75,SOCIS_CONCESSIONS_MULTI,2025-10,2025-10,Російська офіційна на певних територіях,0.211,SC20251121P,PDF с.48,Кілька відповідей. Варіант «жодних поступок» додано з червня 2025; падіння невизначених не можна трактувати як чисту зміну настроїв.,https://socis.kiev.ua/wp-content/uploads/2025/11/Present_UA_Barometr_F2F_n2000_Oktober_2025.pdf
P75,SOCIS_CONCESSIONS_MULTI,2025-10,2025-10,Територіальні поступки,0.223,SC20251121P,PDF с.48,Кілька відповідей. Варіант «жодних поступок» додано з червня 2025; падіння невизначених не можна трактувати як чисту зміну настроїв.,https://socis.kiev.ua/wp-content/uploads/2025/11/Present_UA_Barometr_F2F_n2000_Oktober_2025.pdf
P75,SOCIS_CONCESSIONS_MULTI,2025-10,2025-10,Відмова від ЄС,0.173,SC20251121P,PDF с.48,Кілька відповідей. Варіант «жодних поступок» додано з червня 2025; падіння невизначених не можна трактувати як чисту зміну настроїв.,https://socis.kiev.ua/wp-content/uploads/2025/11/Present_UA_Barometr_F2F_n2000_Oktober_2025.pdf
P75,SOCIS_CONCESSIONS_MULTI,2025-10,2025-10,Скорочення армії,0.055,SC20251121P,PDF с.48,Кілька відповідей. Варіант «жодних поступок» додано з червня 2025; падіння невизначених не можна трактувати як чисту зміну настроїв.,https://socis.kiev.ua/wp-content/uploads/2025/11/Present_UA_Barometr_F2F_n2000_Oktober_2025.pdf
P75,SOCIS_CONCESSIONS_MULTI,2025-10,2025-10,Жодних поступок,0.316,SC20251121P,PDF с.48,Кілька відповідей. Варіант «жодних поступок» додано з червня 2025; падіння невизначених не можна трактувати як чисту зміну настроїв.,https://socis.kiev.ua/wp-content/uploads/2025/11/Present_UA_Barometr_F2F_n2000_Oktober_2025.pdf
P75,SOCIS_CONCESSIONS_MULTI,2025-10,2025-10,Не визначилися,0.097,SC20251121P,PDF с.48,Кілька відповідей. Варіант «жодних поступок» додано з червня 2025; падіння невизначених не можна трактувати як чисту зміну настроїв.,https://socis.kiev.ua/wp-content/uploads/2025/11/Present_UA_Barometr_F2F_n2000_Oktober_2025.pdf
P86,IRI_CONCESSIONS_2022,2022-03,2022-03-30,Нейтралітет / відмова від НАТО,0.37,IR22J,PDF с.45 — обидві хвилі,"Кілька відповідей; варіант «усе» наведений окремо, без довільного додавання до кожної опції.",https://www.iri.org/wp-content/uploads/2022/08/2022-June-Survey_ENG_CSIR-APPROVED.pdf
P86,IRI_CONCESSIONS_2022,2022-03,2022-03-30,Російська друга державна,0.08,IR22J,PDF с.45 — обидві хвилі,"Кілька відповідей; варіант «усе» наведений окремо, без довільного додавання до кожної опції.",https://www.iri.org/wp-content/uploads/2022/08/2022-June-Survey_ENG_CSIR-APPROVED.pdf
P86,IRI_CONCESSIONS_2022,2022-03,2022-03-30,Незалежність ОРДЛО в межах до 24.02.2022,0.06,IR22J,PDF с.45 — обидві хвилі,"Кілька відповідей; варіант «усе» наведений окремо, без довільного додавання до кожної опції.",https://www.iri.org/wp-content/uploads/2022/08/2022-June-Survey_ENG_CSIR-APPROVED.pdf
P86,IRI_CONCESSIONS_2022,2022-03,2022-03-30,Крим частина Росії,0.05,IR22J,PDF с.45 — обидві хвилі,"Кілька відповідей; варіант «усе» наведений окремо, без довільного додавання до кожної опції.",https://www.iri.org/wp-content/uploads/2022/08/2022-June-Survey_ENG_CSIR-APPROVED.pdf
P86,IRI_CONCESSIONS_2022,2022-03,2022-03-30,Незалежність ОРДЛО (ширша опція),0.01,IR22J,PDF с.45 — обидві хвилі,"Кілька відповідей; варіант «усе» наведений окремо, без довільного додавання до кожної опції.",https://www.iri.org/wp-content/uploads/2022/08/2022-June-Survey_ENG_CSIR-APPROVED.pdf
P86,IRI_CONCESSIONS_2022,2022-03,2022-03-30,Усе перелічене,0.04,IR22J,PDF с.45 — обидві хвилі,"Кілька відповідей; варіант «усе» наведений окремо, без довільного додавання до кожної опції.",https://www.iri.org/wp-content/uploads/2022/08/2022-June-Survey_ENG_CSIR-APPROVED.pdf
P86,IRI_CONCESSIONS_2022,2022-03,2022-03-30,Нічого з переліченого,0.44,IR22J,PDF с.45 — обидві хвилі,"Кілька відповідей; варіант «усе» наведений окремо, без довільного додавання до кожної опції.",https://www.iri.org/wp-content/uploads/2022/08/2022-June-Survey_ENG_CSIR-APPROVED.pdf
P86,IRI_CONCESSIONS_2022,2022-03,2022-03-30,Не визначилися,0.08,IR22J,PDF с.45 — обидві хвилі,"Кілька відповідей; варіант «усе» наведений окремо, без довільного додавання до кожної опції.",https://www.iri.org/wp-content/uploads/2022/08/2022-June-Survey_ENG_CSIR-APPROVED.pdf
P87,IRI_CONCESSIONS_2022,2022-06,2022-06-27,Нейтралітет / відмова від НАТО,0.29,IR22J,PDF с.45 — обидві хвилі,"Кілька відповідей; варіант «усе» наведений окремо, без довільного додавання до кожної опції.",https://www.iri.org/wp-content/uploads/2022/08/2022-June-Survey_ENG_CSIR-APPROVED.pdf
P87,IRI_CONCESSIONS_2022,2022-06,2022-06-27,Російська друга державна,0.08,IR22J,PDF с.45 — обидві хвилі,"Кілька відповідей; варіант «усе» наведений окремо, без довільного додавання до кожної опції.",https://www.iri.org/wp-content/uploads/2022/08/2022-June-Survey_ENG_CSIR-APPROVED.pdf
P87,IRI_CONCESSIONS_2022,2022-06,2022-06-27,Незалежність ОРДЛО в межах до 24.02.2022,0.06,IR22J,PDF с.45 — обидві хвилі,"Кілька відповідей; варіант «усе» наведений окремо, без довільного додавання до кожної опції.",https://www.iri.org/wp-content/uploads/2022/08/2022-June-Survey_ENG_CSIR-APPROVED.pdf
P87,IRI_CONCESSIONS_2022,2022-06,2022-06-27,Крим частина Росії,0.05,IR22J,PDF с.45 — обидві хвилі,"Кілька відповідей; варіант «усе» наведений окремо, без довільного додавання до кожної опції.",https://www.iri.org/wp-content/uploads/2022/08/2022-June-Survey_ENG_CSIR-APPROVED.pdf
P87,IRI_CONCESSIONS_2022,2022-06,2022-06-27,Незалежність ОРДЛО (ширша опція),0.02,IR22J,PDF с.45 — обидві хвилі,"Кілька відповідей; варіант «усе» наведений окремо, без довільного додавання до кожної опції.",https://www.iri.org/wp-content/uploads/2022/08/2022-June-Survey_ENG_CSIR-APPROVED.pdf
P87,IRI_CONCESSIONS_2022,2022-06,2022-06-27,Усе перелічене,0.05,IR22J,PDF с.45 — обидві хвилі,"Кілька відповідей; варіант «усе» наведений окремо, без довільного додавання до кожної опції.",https://www.iri.org/wp-content/uploads/2022/08/2022-June-Survey_ENG_CSIR-APPROVED.pdf
P87,IRI_CONCESSIONS_2022,2022-06,2022-06-27,Нічого з переліченого,0.4,IR22J,PDF с.45 — обидві хвилі,"Кілька відповідей; варіант «усе» наведений окремо, без довільного додавання до кожної опції.",https://www.iri.org/wp-content/uploads/2022/08/2022-June-Survey_ENG_CSIR-APPROVED.pdf
P87,IRI_CONCESSIONS_2022,2022-06,2022-06-27,Не визначилися,0.09,IR22J,PDF с.45 — обидві хвилі,"Кілька відповідей; варіант «усе» наведений окремо, без довільного додавання до кожної опції.",https://www.iri.org/wp-content/uploads/2022/08/2022-June-Survey_ENG_CSIR-APPROVED.pdf
P90,RATING_REALISTIC_END,2022-03,2022-03,"Відмова від переговорів, війна до звільнення всього",0.27,RT25FP,PDF с.17,Питають про реалістичний шлях. Інші відповіді не перенесено через накладання дрібних підписів у графіку. Не є прямою серією бажаних поступок.,https://cdn.prod.website-files.com/685c279caf66f4023ad2cab4/68cbec9ad857580e525af216_RG_Ukraine_Monitoring_Leaders_CATI_022025%20press.pdf
P90,RATING_REALISTIC_END,2022-03,2022-03,Компромісні переговори за участю інших країн,0.69,RT25FP,PDF с.17,Питають про реалістичний шлях. Інші відповіді не перенесено через накладання дрібних підписів у графіку. Не є прямою серією бажаних поступок.,https://cdn.prod.website-files.com/685c279caf66f4023ad2cab4/68cbec9ad857580e525af216_RG_Ukraine_Monitoring_Leaders_CATI_022025%20press.pdf
P91,RATING_REALISTIC_END,2022-04,2022-04,"Відмова від переговорів, війна до звільнення всього",0.51,RT25FP,PDF с.17,Питають про реалістичний шлях. Інші відповіді не перенесено через накладання дрібних підписів у графіку. Не є прямою серією бажаних поступок.,https://cdn.prod.website-files.com/685c279caf66f4023ad2cab4/68cbec9ad857580e525af216_RG_Ukraine_Monitoring_Leaders_CATI_022025%20press.pdf
P91,RATING_REALISTIC_END,2022-04,2022-04,Компромісні переговори за участю інших країн,0.45,RT25FP,PDF с.17,Питають про реалістичний шлях. Інші відповіді не перенесено через накладання дрібних підписів у графіку. Не є прямою серією бажаних поступок.,https://cdn.prod.website-files.com/685c279caf66f4023ad2cab4/68cbec9ad857580e525af216_RG_Ukraine_Monitoring_Leaders_CATI_022025%20press.pdf
P92,RATING_REALISTIC_END,2022-06,2022-06,"Відмова від переговорів, війна до звільнення всього",0.59,RT25FP,PDF с.17,Питають про реалістичний шлях. Інші відповіді не перенесено через накладання дрібних підписів у графіку. Не є прямою серією бажаних поступок.,https://cdn.prod.website-files.com/685c279caf66f4023ad2cab4/68cbec9ad857580e525af216_RG_Ukraine_Monitoring_Leaders_CATI_022025%20press.pdf
P92,RATING_REALISTIC_END,2022-06,2022-06,Компромісні переговори за участю інших країн,0.36,RT25FP,PDF с.17,Питають про реалістичний шлях. Інші відповіді не перенесено через накладання дрібних підписів у графіку. Не є прямою серією бажаних поступок.,https://cdn.prod.website-files.com/685c279caf66f4023ad2cab4/68cbec9ad857580e525af216_RG_Ukraine_Monitoring_Leaders_CATI_022025%20press.pdf
P93,RATING_REALISTIC_END,2023-02,2023-02,"Відмова від переговорів, війна до звільнення всього",0.6,RT25FP,PDF с.17,Питають про реалістичний шлях. Інші відповіді не перенесено через накладання дрібних підписів у графіку. Не є прямою серією бажаних поступок.,https://cdn.prod.website-files.com/685c279caf66f4023ad2cab4/68cbec9ad857580e525af216_RG_Ukraine_Monitoring_Leaders_CATI_022025%20press.pdf
P93,RATING_REALISTIC_END,2023-02,2023-02,Компромісні переговори за участю інших країн,0.35,RT25FP,PDF с.17,Питають про реалістичний шлях. Інші відповіді не перенесено через накладання дрібних підписів у графіку. Не є прямою серією бажаних поступок.,https://cdn.prod.website-files.com/685c279caf66f4023ad2cab4/68cbec9ad857580e525af216_RG_Ukraine_Monitoring_Leaders_CATI_022025%20press.pdf
P94,RATING_REALISTIC_END,2023-07,2023-07,"Відмова від переговорів, війна до звільнення всього",0.6,RT25FP,PDF с.17,Питають про реалістичний шлях. Інші відповіді не перенесено через накладання дрібних підписів у графіку. Не є прямою серією бажаних поступок.,https://cdn.prod.website-files.com/685c279caf66f4023ad2cab4/68cbec9ad857580e525af216_RG_Ukraine_Monitoring_Leaders_CATI_022025%20press.pdf
P94,RATING_REALISTIC_END,2023-07,2023-07,Компромісні переговори за участю інших країн,0.35,RT25FP,PDF с.17,Питають про реалістичний шлях. Інші відповіді не перенесено через накладання дрібних підписів у графіку. Не є прямою серією бажаних поступок.,https://cdn.prod.website-files.com/685c279caf66f4023ad2cab4/68cbec9ad857580e525af216_RG_Ukraine_Monitoring_Leaders_CATI_022025%20press.pdf
P95,RATING_REALISTIC_END,2023-09,2023-09,"Відмова від переговорів, війна до звільнення всього",0.46,RT25FP,PDF с.17,Питають про реалістичний шлях. Інші відповіді не перенесено через накладання дрібних підписів у графіку. Не є прямою серією бажаних поступок.,https://cdn.prod.website-files.com/685c279caf66f4023ad2cab4/68cbec9ad857580e525af216_RG_Ukraine_Monitoring_Leaders_CATI_022025%20press.pdf
P95,RATING_REALISTIC_END,2023-09,2023-09,Компромісні переговори за участю інших країн,0.48,RT25FP,PDF с.17,Питають про реалістичний шлях. Інші відповіді не перенесено через накладання дрібних підписів у графіку. Не є прямою серією бажаних поступок.,https://cdn.prod.website-files.com/685c279caf66f4023ad2cab4/68cbec9ad857580e525af216_RG_Ukraine_Monitoring_Leaders_CATI_022025%20press.pdf
P96,RATING_REALISTIC_END,2023-11,2023-11,"Відмова від переговорів, війна до звільнення всього",0.48,RT25FP,PDF с.17,Питають про реалістичний шлях. Інші відповіді не перенесено через накладання дрібних підписів у графіку. Не є прямою серією бажаних поступок.,https://cdn.prod.website-files.com/685c279caf66f4023ad2cab4/68cbec9ad857580e525af216_RG_Ukraine_Monitoring_Leaders_CATI_022025%20press.pdf
P96,RATING_REALISTIC_END,2023-11,2023-11,Компромісні переговори за участю інших країн,0.45,RT25FP,PDF с.17,Питають про реалістичний шлях. Інші відповіді не перенесено через накладання дрібних підписів у графіку. Не є прямою серією бажаних поступок.,https://cdn.prod.website-files.com/685c279caf66f4023ad2cab4/68cbec9ad857580e525af216_RG_Ukraine_Monitoring_Leaders_CATI_022025%20press.pdf
P97,RATING_REALISTIC_END,2024-01,2024-01,"Відмова від переговорів, війна до звільнення всього",0.4,RT25FP,PDF с.17,Питають про реалістичний шлях. Інші відповіді не перенесено через накладання дрібних підписів у графіку. Не є прямою серією бажаних поступок.,https://cdn.prod.website-files.com/685c279caf66f4023ad2cab4/68cbec9ad857580e525af216_RG_Ukraine_Monitoring_Leaders_CATI_022025%20press.pdf
P97,RATING_REALISTIC_END,2024-01,2024-01,Компромісні переговори за участю інших країн,0.55,RT25FP,PDF с.17,Питають про реалістичний шлях. Інші відповіді не перенесено через накладання дрібних підписів у графіку. Не є прямою серією бажаних поступок.,https://cdn.prod.website-files.com/685c279caf66f4023ad2cab4/68cbec9ad857580e525af216_RG_Ukraine_Monitoring_Leaders_CATI_022025%20press.pdf
P98,RATING_REALISTIC_END,2024-04,2024-04,"Відмова від переговорів, війна до звільнення всього",0.33,RT25FP,PDF с.17,Питають про реалістичний шлях. Інші відповіді не перенесено через накладання дрібних підписів у графіку. Не є прямою серією бажаних поступок.,https://cdn.prod.website-files.com/685c279caf66f4023ad2cab4/68cbec9ad857580e525af216_RG_Ukraine_Monitoring_Leaders_CATI_022025%20press.pdf
P98,RATING_REALISTIC_END,2024-04,2024-04,Компромісні переговори за участю інших країн,0.6,RT25FP,PDF с.17,Питають про реалістичний шлях. Інші відповіді не перенесено через накладання дрібних підписів у графіку. Не є прямою серією бажаних поступок.,https://cdn.prod.website-files.com/685c279caf66f4023ad2cab4/68cbec9ad857580e525af216_RG_Ukraine_Monitoring_Leaders_CATI_022025%20press.pdf
P99,RATING_REALISTIC_END,2024-06,2024-06,"Відмова від переговорів, війна до звільнення всього",0.26,RT25FP,PDF с.17,Питають про реалістичний шлях. Інші відповіді не перенесено через накладання дрібних підписів у графіку. Не є прямою серією бажаних поступок.,https://cdn.prod.website-files.com/685c279caf66f4023ad2cab4/68cbec9ad857580e525af216_RG_Ukraine_Monitoring_Leaders_CATI_022025%20press.pdf
P99,RATING_REALISTIC_END,2024-06,2024-06,Компромісні переговори за участю інших країн,0.66,RT25FP,PDF с.17,Питають про реалістичний шлях. Інші відповіді не перенесено через накладання дрібних підписів у графіку. Не є прямою серією бажаних поступок.,https://cdn.prod.website-files.com/685c279caf66f4023ad2cab4/68cbec9ad857580e525af216_RG_Ukraine_Monitoring_Leaders_CATI_022025%20press.pdf
P100,RATING_REALISTIC_END,2024-08,2024-08,"Відмова від переговорів, війна до звільнення всього",0.26,RT25FP,PDF с.17,Питають про реалістичний шлях. Інші відповіді не перенесено через накладання дрібних підписів у графіку. Не є прямою серією бажаних поступок.,https://cdn.prod.website-files.com/685c279caf66f4023ad2cab4/68cbec9ad857580e525af216_RG_Ukraine_Monitoring_Leaders_CATI_022025%20press.pdf
P100,RATING_REALISTIC_END,2024-08,2024-08,Компромісні переговори за участю інших країн,0.69,RT25FP,PDF с.17,Питають про реалістичний шлях. Інші відповіді не перенесено через накладання дрібних підписів у графіку. Не є прямою серією бажаних поступок.,https://cdn.prod.website-files.com/685c279caf66f4023ad2cab4/68cbec9ad857580e525af216_RG_Ukraine_Monitoring_Leaders_CATI_022025%20press.pdf
P101,RATING_REALISTIC_END,2024-10,2024-10,"Відмова від переговорів, війна до звільнення всього",0.19,RT25FP,PDF с.17,Питають про реалістичний шлях. Інші відповіді не перенесено через накладання дрібних підписів у графіку. Не є прямою серією бажаних поступок.,https://cdn.prod.website-files.com/685c279caf66f4023ad2cab4/68cbec9ad857580e525af216_RG_Ukraine_Monitoring_Leaders_CATI_022025%20press.pdf
P101,RATING_REALISTIC_END,2024-10,2024-10,Компромісні переговори за участю інших країн,0.73,RT25FP,PDF с.17,Питають про реалістичний шлях. Інші відповіді не перенесено через накладання дрібних підписів у графіку. Не є прямою серією бажаних поступок.,https://cdn.prod.website-files.com/685c279caf66f4023ad2cab4/68cbec9ad857580e525af216_RG_Ukraine_Monitoring_Leaders_CATI_022025%20press.pdf
P102,RATING_REALISTIC_END,2024-11,2024-11,"Відмова від переговорів, війна до звільнення всього",0.16,RT25FP,PDF с.17,Питають про реалістичний шлях. Інші відповіді не перенесено через накладання дрібних підписів у графіку. Не є прямою серією бажаних поступок.,https://cdn.prod.website-files.com/685c279caf66f4023ad2cab4/68cbec9ad857580e525af216_RG_Ukraine_Monitoring_Leaders_CATI_022025%20press.pdf
P102,RATING_REALISTIC_END,2024-11,2024-11,Компромісні переговори за участю інших країн,0.74,RT25FP,PDF с.17,Питають про реалістичний шлях. Інші відповіді не перенесено через накладання дрібних підписів у графіку. Не є прямою серією бажаних поступок.,https://cdn.prod.website-files.com/685c279caf66f4023ad2cab4/68cbec9ad857580e525af216_RG_Ukraine_Monitoring_Leaders_CATI_022025%20press.pdf
P103,RATING_REALISTIC_END,2025-01,2025-01,"Відмова від переговорів, війна до звільнення всього",0.13,RT25FP,PDF с.17,Питають про реалістичний шлях. Інші відповіді не перенесено через накладання дрібних підписів у графіку. Не є прямою серією бажаних поступок.,https://cdn.prod.website-files.com/685c279caf66f4023ad2cab4/68cbec9ad857580e525af216_RG_Ukraine_Monitoring_Leaders_CATI_022025%20press.pdf
P103,RATING_REALISTIC_END,2025-01,2025-01,Компромісні переговори за участю інших країн,0.81,RT25FP,PDF с.17,Питають про реалістичний шлях. Інші відповіді не перенесено через накладання дрібних підписів у графіку. Не є прямою серією бажаних поступок.,https://cdn.prod.website-files.com/685c279caf66f4023ad2cab4/68cbec9ad857580e525af216_RG_Ukraine_Monitoring_Leaders_CATI_022025%20press.pdf
P104,RATING_REALISTIC_END,2025-02,2025-02,"Відмова від переговорів, війна до звільнення всього",0.11,RT25FP,PDF с.17,Питають про реалістичний шлях. Інші відповіді не перенесено через накладання дрібних підписів у графіку. Не є прямою серією бажаних поступок.,https://cdn.prod.website-files.com/685c279caf66f4023ad2cab4/68cbec9ad857580e525af216_RG_Ukraine_Monitoring_Leaders_CATI_022025%20press.pdf
P104,RATING_REALISTIC_END,2025-02,2025-02,Компромісні переговори за участю інших країн,0.81,RT25FP,PDF с.17,Питають про реалістичний шлях. Інші відповіді не перенесено через накладання дрібних підписів у графіку. Не є прямою серією бажаних поступок.,https://cdn.prod.website-files.com/685c279caf66f4023ad2cab4/68cbec9ad857580e525af216_RG_Ukraine_Monitoring_Leaders_CATI_022025%20press.pdf
P97,RATING_DIRECT_TALKS,2024-01,2024-01,Підтримують,0.38,RT25FP,PDF с.19,"Прямі переговори України з Росією; графік візуально перевірено. Це інше питання, ніж реалістичний шлях.",https://cdn.prod.website-files.com/685c279caf66f4023ad2cab4/68cbec9ad857580e525af216_RG_Ukraine_Monitoring_Leaders_CATI_022025%20press.pdf
P97,RATING_DIRECT_TALKS,2024-01,2024-01,Не підтримують,0.59,RT25FP,PDF с.19,"Прямі переговори України з Росією; графік візуально перевірено. Це інше питання, ніж реалістичний шлях.",https://cdn.prod.website-files.com/685c279caf66f4023ad2cab4/68cbec9ad857580e525af216_RG_Ukraine_Monitoring_Leaders_CATI_022025%20press.pdf
P97,RATING_DIRECT_TALKS,2024-01,2024-01,Не визначилися,0.03,RT25FP,PDF с.19,"Прямі переговори України з Росією; графік візуально перевірено. Це інше питання, ніж реалістичний шлях.",https://cdn.prod.website-files.com/685c279caf66f4023ad2cab4/68cbec9ad857580e525af216_RG_Ukraine_Monitoring_Leaders_CATI_022025%20press.pdf
P98,RATING_DIRECT_TALKS,2024-04,2024-04,Підтримують,0.44,RT25FP,PDF с.19,"Прямі переговори України з Росією; графік візуально перевірено. Це інше питання, ніж реалістичний шлях.",https://cdn.prod.website-files.com/685c279caf66f4023ad2cab4/68cbec9ad857580e525af216_RG_Ukraine_Monitoring_Leaders_CATI_022025%20press.pdf
P98,RATING_DIRECT_TALKS,2024-04,2024-04,Не підтримують,0.52,RT25FP,PDF с.19,"Прямі переговори України з Росією; графік візуально перевірено. Це інше питання, ніж реалістичний шлях.",https://cdn.prod.website-files.com/685c279caf66f4023ad2cab4/68cbec9ad857580e525af216_RG_Ukraine_Monitoring_Leaders_CATI_022025%20press.pdf
P98,RATING_DIRECT_TALKS,2024-04,2024-04,Не визначилися,0.04,RT25FP,PDF с.19,"Прямі переговори України з Росією; графік візуально перевірено. Це інше питання, ніж реалістичний шлях.",https://cdn.prod.website-files.com/685c279caf66f4023ad2cab4/68cbec9ad857580e525af216_RG_Ukraine_Monitoring_Leaders_CATI_022025%20press.pdf
P99,RATING_DIRECT_TALKS,2024-06,2024-06,Підтримують,0.45,RT25FP,PDF с.19,"Прямі переговори України з Росією; графік візуально перевірено. Це інше питання, ніж реалістичний шлях.",https://cdn.prod.website-files.com/685c279caf66f4023ad2cab4/68cbec9ad857580e525af216_RG_Ukraine_Monitoring_Leaders_CATI_022025%20press.pdf
P99,RATING_DIRECT_TALKS,2024-06,2024-06,Не підтримують,0.49,RT25FP,PDF с.19,"Прямі переговори України з Росією; графік візуально перевірено. Це інше питання, ніж реалістичний шлях.",https://cdn.prod.website-files.com/685c279caf66f4023ad2cab4/68cbec9ad857580e525af216_RG_Ukraine_Monitoring_Leaders_CATI_022025%20press.pdf
P99,RATING_DIRECT_TALKS,2024-06,2024-06,Не визначилися,0.06,RT25FP,PDF с.19,"Прямі переговори України з Росією; графік візуально перевірено. Це інше питання, ніж реалістичний шлях.",https://cdn.prod.website-files.com/685c279caf66f4023ad2cab4/68cbec9ad857580e525af216_RG_Ukraine_Monitoring_Leaders_CATI_022025%20press.pdf
P100,RATING_DIRECT_TALKS,2024-08,2024-08,Підтримують,0.52,RT25FP,PDF с.19,"Прямі переговори України з Росією; графік візуально перевірено. Це інше питання, ніж реалістичний шлях.",https://cdn.prod.website-files.com/685c279caf66f4023ad2cab4/68cbec9ad857580e525af216_RG_Ukraine_Monitoring_Leaders_CATI_022025%20press.pdf
P100,RATING_DIRECT_TALKS,2024-08,2024-08,Не підтримують,0.46,RT25FP,PDF с.19,"Прямі переговори України з Росією; графік візуально перевірено. Це інше питання, ніж реалістичний шлях.",https://cdn.prod.website-files.com/685c279caf66f4023ad2cab4/68cbec9ad857580e525af216_RG_Ukraine_Monitoring_Leaders_CATI_022025%20press.pdf
P100,RATING_DIRECT_TALKS,2024-08,2024-08,Не визначилися,0.02,RT25FP,PDF с.19,"Прямі переговори України з Росією; графік візуально перевірено. Це інше питання, ніж реалістичний шлях.",https://cdn.prod.website-files.com/685c279caf66f4023ad2cab4/68cbec9ad857580e525af216_RG_Ukraine_Monitoring_Leaders_CATI_022025%20press.pdf
P101,RATING_DIRECT_TALKS,2024-10,2024-10,Підтримують,0.51,RT25FP,PDF с.19,"Прямі переговори України з Росією; графік візуально перевірено. Це інше питання, ніж реалістичний шлях.",https://cdn.prod.website-files.com/685c279caf66f4023ad2cab4/68cbec9ad857580e525af216_RG_Ukraine_Monitoring_Leaders_CATI_022025%20press.pdf
P101,RATING_DIRECT_TALKS,2024-10,2024-10,Не підтримують,0.46,RT25FP,PDF с.19,"Прямі переговори України з Росією; графік візуально перевірено. Це інше питання, ніж реалістичний шлях.",https://cdn.prod.website-files.com/685c279caf66f4023ad2cab4/68cbec9ad857580e525af216_RG_Ukraine_Monitoring_Leaders_CATI_022025%20press.pdf
P101,RATING_DIRECT_TALKS,2024-10,2024-10,Не визначилися,0.03,RT25FP,PDF с.19,"Прямі переговори України з Росією; графік візуально перевірено. Це інше питання, ніж реалістичний шлях.",https://cdn.prod.website-files.com/685c279caf66f4023ad2cab4/68cbec9ad857580e525af216_RG_Ukraine_Monitoring_Leaders_CATI_022025%20press.pdf
P102,RATING_DIRECT_TALKS,2024-11,2024-11,Підтримують,0.49,RT25FP,PDF с.19,"Прямі переговори України з Росією; графік візуально перевірено. Це інше питання, ніж реалістичний шлях.",https://cdn.prod.website-files.com/685c279caf66f4023ad2cab4/68cbec9ad857580e525af216_RG_Ukraine_Monitoring_Leaders_CATI_022025%20press.pdf
P102,RATING_DIRECT_TALKS,2024-11,2024-11,Не підтримують,0.48,RT25FP,PDF с.19,"Прямі переговори України з Росією; графік візуально перевірено. Це інше питання, ніж реалістичний шлях.",https://cdn.prod.website-files.com/685c279caf66f4023ad2cab4/68cbec9ad857580e525af216_RG_Ukraine_Monitoring_Leaders_CATI_022025%20press.pdf
P102,RATING_DIRECT_TALKS,2024-11,2024-11,Не визначилися,0.04,RT25FP,PDF с.19,"Прямі переговори України з Росією; графік візуально перевірено. Це інше питання, ніж реалістичний шлях.",https://cdn.prod.website-files.com/685c279caf66f4023ad2cab4/68cbec9ad857580e525af216_RG_Ukraine_Monitoring_Leaders_CATI_022025%20press.pdf
P103,RATING_DIRECT_TALKS,2025-01,2025-01,Підтримують,0.54,RT25FP,PDF с.19,"Прямі переговори України з Росією; графік візуально перевірено. Це інше питання, ніж реалістичний шлях.",https://cdn.prod.website-files.com/685c279caf66f4023ad2cab4/68cbec9ad857580e525af216_RG_Ukraine_Monitoring_Leaders_CATI_022025%20press.pdf
P103,RATING_DIRECT_TALKS,2025-01,2025-01,Не підтримують,0.42,RT25FP,PDF с.19,"Прямі переговори України з Росією; графік візуально перевірено. Це інше питання, ніж реалістичний шлях.",https://cdn.prod.website-files.com/685c279caf66f4023ad2cab4/68cbec9ad857580e525af216_RG_Ukraine_Monitoring_Leaders_CATI_022025%20press.pdf
P103,RATING_DIRECT_TALKS,2025-01,2025-01,Не визначилися,0.03,RT25FP,PDF с.19,"Прямі переговори України з Росією; графік візуально перевірено. Це інше питання, ніж реалістичний шлях.",https://cdn.prod.website-files.com/685c279caf66f4023ad2cab4/68cbec9ad857580e525af216_RG_Ukraine_Monitoring_Leaders_CATI_022025%20press.pdf
P104,RATING_DIRECT_TALKS,2025-02,2025-02,Підтримують,0.64,RT25FP,PDF с.19,"Прямі переговори України з Росією; графік візуально перевірено. Це інше питання, ніж реалістичний шлях.",https://cdn.prod.website-files.com/685c279caf66f4023ad2cab4/68cbec9ad857580e525af216_RG_Ukraine_Monitoring_Leaders_CATI_022025%20press.pdf
P104,RATING_DIRECT_TALKS,2025-02,2025-02,Не підтримують,0.32,RT25FP,PDF с.19,"Прямі переговори України з Росією; графік візуально перевірено. Це інше питання, ніж реалістичний шлях.",https://cdn.prod.website-files.com/685c279caf66f4023ad2cab4/68cbec9ad857580e525af216_RG_Ukraine_Monitoring_Leaders_CATI_022025%20press.pdf
P104,RATING_DIRECT_TALKS,2025-02,2025-02,Не визначилися,0.04,RT25FP,PDF с.19,"Прямі переговори України з Росією; графік візуально перевірено. Це інше питання, ніж реалістичний шлях.",https://cdn.prod.website-files.com/685c279caf66f4023ad2cab4/68cbec9ad857580e525af216_RG_Ukraine_Monitoring_Leaders_CATI_022025%20press.pdf
P107,ISPP_VICTORY,08.05.2023–19.05.2023,2023-05,Згодні,0.304,ISPP25,PDF с.58,"Окремі твердження, не взаємовиключні групи; оціночна лексика. Передвоєнний лютий 2022 не включений у післявторгненневу серію. Пізніша ретроспектива помилково підписує ці значення «лютий 2023». Первинний бюлетень відносить усі три показники до травня 2023 (с. 40, 62). У паспорті на с. 3 — 8–19 травня; на обкладинці — 8–18 травня. Дати записано за паспортом; розбіжність кінцевого дня збережено.",https://ispp.org.ua/wp-content/uploads/2025/06/dynamika-2025-byuleten.pdf
P107,ISPP_VICTORY,08.05.2023–19.05.2023,2023-05,Не згодні,0.417,ISPP25,PDF с.58,"Окремі твердження, не взаємовиключні групи; оціночна лексика. Передвоєнний лютий 2022 не включений у післявторгненневу серію. Пізніша ретроспектива помилково підписує ці значення «лютий 2023». Первинний бюлетень відносить усі три показники до травня 2023 (с. 40, 62). У паспорті на с. 3 — 8–19 травня; на обкладинці — 8–18 травня. Дати записано за паспортом; розбіжність кінцевого дня збережено.",https://ispp.org.ua/wp-content/uploads/2025/06/dynamika-2025-byuleten.pdf
P107,ISPP_PEACE_PRICE,08.05.2023–19.05.2023,2023-05,Згодні,0.666,ISPP25,PDF с.60,"Окремі твердження, не взаємовиключні групи; оціночна лексика. Передвоєнний лютий 2022 не включений у післявторгненневу серію. Пізніша ретроспектива помилково підписує ці значення «лютий 2023». Первинний бюлетень відносить усі три показники до травня 2023 (с. 40, 62). У паспорті на с. 3 — 8–19 травня; на обкладинці — 8–18 травня. Дати записано за паспортом; розбіжність кінцевого дня збережено.",https://ispp.org.ua/wp-content/uploads/2025/06/dynamika-2025-byuleten.pdf
P107,ISPP_PEACE_PRICE,08.05.2023–19.05.2023,2023-05,Не згодні,0.119,ISPP25,PDF с.60,"Окремі твердження, не взаємовиключні групи; оціночна лексика. Передвоєнний лютий 2022 не включений у післявторгненневу серію. Пізніша ретроспектива помилково підписує ці значення «лютий 2023». Первинний бюлетень відносить усі три показники до травня 2023 (с. 40, 62). У паспорті на с. 3 — 8–19 травня; на обкладинці — 8–18 травня. Дати записано за паспортом; розбіжність кінцевого дня збережено.",https://ispp.org.ua/wp-content/uploads/2025/06/dynamika-2025-byuleten.pdf
P107,ISPP_SHAME_WAR,08.05.2023–19.05.2023,2023-05,Згодні,0.183,ISPP25,PDF с.61,"Окремі твердження, не взаємовиключні групи; оціночна лексика. Передвоєнний лютий 2022 не включений у післявторгненневу серію. Пізніша ретроспектива помилково підписує ці значення «лютий 2023». Первинний бюлетень відносить усі три показники до травня 2023 (с. 40, 62). У паспорті на с. 3 — 8–19 травня; на обкладинці — 8–18 травня. Дати записано за паспортом; розбіжність кінцевого дня збережено.",https://ispp.org.ua/wp-content/uploads/2025/06/dynamika-2025-byuleten.pdf
P107,ISPP_SHAME_WAR,08.05.2023–19.05.2023,2023-05,Не згодні,0.454,ISPP25,PDF с.61,"Окремі твердження, не взаємовиключні групи; оціночна лексика. Передвоєнний лютий 2022 не включений у післявторгненневу серію. Пізніша ретроспектива помилково підписує ці значення «лютий 2023». Первинний бюлетень відносить усі три показники до травня 2023 (с. 40, 62). У паспорті на с. 3 — 8–19 травня; на обкладинці — 8–18 травня. Дати записано за паспортом; розбіжність кінцевого дня збережено.",https://ispp.org.ua/wp-content/uploads/2025/06/dynamika-2025-byuleten.pdf
P108,ISPP_VICTORY,2024-03,2024-03,Згодні,0.394,ISPP25,PDF с.58,"Окремі твердження, не взаємовиключні групи; оціночна лексика. Передвоєнний лютий 2022 не включений у післявторгненневу серію.",https://ispp.org.ua/wp-content/uploads/2025/06/dynamika-2025-byuleten.pdf
P108,ISPP_VICTORY,2024-03,2024-03,Не згодні,0.262,ISPP25,PDF с.58,"Окремі твердження, не взаємовиключні групи; оціночна лексика. Передвоєнний лютий 2022 не включений у післявторгненневу серію.",https://ispp.org.ua/wp-content/uploads/2025/06/dynamika-2025-byuleten.pdf
P108,ISPP_PEACE_PRICE,2024-03,2024-03,Згодні,0.705,ISPP25,PDF с.60,"Окремі твердження, не взаємовиключні групи; оціночна лексика. Передвоєнний лютий 2022 не включений у післявторгненневу серію.",https://ispp.org.ua/wp-content/uploads/2025/06/dynamika-2025-byuleten.pdf
P108,ISPP_PEACE_PRICE,2024-03,2024-03,Не згодні,0.112,ISPP25,PDF с.60,"Окремі твердження, не взаємовиключні групи; оціночна лексика. Передвоєнний лютий 2022 не включений у післявторгненневу серію.",https://ispp.org.ua/wp-content/uploads/2025/06/dynamika-2025-byuleten.pdf
P108,ISPP_SHAME_WAR,2024-03,2024-03,Згодні,0.261,ISPP25,PDF с.61,"Окремі твердження, не взаємовиключні групи; оціночна лексика. Передвоєнний лютий 2022 не включений у післявторгненневу серію.",https://ispp.org.ua/wp-content/uploads/2025/06/dynamika-2025-byuleten.pdf
P108,ISPP_SHAME_WAR,2024-03,2024-03,Не згодні,0.307,ISPP25,PDF с.61,"Окремі твердження, не взаємовиключні групи; оціночна лексика. Передвоєнний лютий 2022 не включений у післявторгненневу серію.",https://ispp.org.ua/wp-content/uploads/2025/06/dynamika-2025-byuleten.pdf
P109,ISPP_VICTORY,2025-03,2025-03,Згодні,0.592,ISPP25,PDF с.58,"Окремі твердження, не взаємовиключні групи; оціночна лексика. Передвоєнний лютий 2022 не включений у післявторгненневу серію.",https://ispp.org.ua/wp-content/uploads/2025/06/dynamika-2025-byuleten.pdf
P109,ISPP_VICTORY,2025-03,2025-03,Не згодні,0.151,ISPP25,PDF с.58,"Окремі твердження, не взаємовиключні групи; оціночна лексика. Передвоєнний лютий 2022 не включений у післявторгненневу серію.",https://ispp.org.ua/wp-content/uploads/2025/06/dynamika-2025-byuleten.pdf
P109,ISPP_PEACE_PRICE,2025-03,2025-03,Згодні,0.763,ISPP25,PDF с.60,"Окремі твердження, не взаємовиключні групи; оціночна лексика. Передвоєнний лютий 2022 не включений у післявторгненневу серію.",https://ispp.org.ua/wp-content/uploads/2025/06/dynamika-2025-byuleten.pdf
P109,ISPP_PEACE_PRICE,2025-03,2025-03,Не згодні,0.107,ISPP25,PDF с.60,"Окремі твердження, не взаємовиключні групи; оціночна лексика. Передвоєнний лютий 2022 не включений у післявторгненневу серію.",https://ispp.org.ua/wp-content/uploads/2025/06/dynamika-2025-byuleten.pdf
P109,ISPP_SHAME_WAR,2025-03,2025-03,Згодні,0.37,ISPP25,PDF с.61,"Окремі твердження, не взаємовиключні групи; оціночна лексика. Передвоєнний лютий 2022 не включений у післявторгненневу серію.",https://ispp.org.ua/wp-content/uploads/2025/06/dynamika-2025-byuleten.pdf
P109,ISPP_SHAME_WAR,2025-03,2025-03,Не згодні,0.286,ISPP25,PDF с.61,"Окремі твердження, не взаємовиключні групи; оціночна лексика. Передвоєнний лютий 2022 не включений у післявторгненневу серію.",https://ispp.org.ua/wp-content/uploads/2025/06/dynamika-2025-byuleten.pdf
P110,ISPP_PEACE_OPTIONS_2023_24,23.10.2023–31.10.2023,2023-10,Капітуляція РФ і всі репарації,0.42,ISPP25S,PDF с.115,"Одна прийнятна умова; у 2025 перелік суттєво змінено, ряд 2025 сюди не додано. У ретроспективах 2024/2025 ці самі п’ять значень (42,0; 25,1; 10,9; 9,2; 2,9%) підписано «вересень 2023». Первинний звіт на с. 2 задає 23–31.10.2023, на с. 22 містить відповідне питання та значення. Використано дату первинного звіту.",https://ispp.org.ua/wp-content/uploads/2026/01/dovidnikchunikhina2025.pdf
P110,ISPP_PEACE_OPTIONS_2023_24,23.10.2023–31.10.2023,2023-10,Кордони 1991,0.251,ISPP25S,PDF с.115,"Одна прийнятна умова; у 2025 перелік суттєво змінено, ряд 2025 сюди не додано. У ретроспективах 2024/2025 ці самі п’ять значень (42,0; 25,1; 10,9; 9,2; 2,9%) підписано «вересень 2023». Первинний звіт на с. 2 задає 23–31.10.2023, на с. 22 містить відповідне питання та значення. Використано дату первинного звіту.",https://ispp.org.ua/wp-content/uploads/2026/01/dovidnikchunikhina2025.pdf
P110,ISPP_PEACE_OPTIONS_2023_24,23.10.2023–31.10.2023,2023-10,Припинення вогню / взаємне відведення,0.109,ISPP25S,PDF с.115,"Одна прийнятна умова; у 2025 перелік суттєво змінено, ряд 2025 сюди не додано. У ретроспективах 2024/2025 ці самі п’ять значень (42,0; 25,1; 10,9; 9,2; 2,9%) підписано «вересень 2023». Первинний звіт на с. 2 задає 23–31.10.2023, на с. 22 містить відповідне питання та значення. Використано дату первинного звіту.",https://ispp.org.ua/wp-content/uploads/2026/01/dovidnikchunikhina2025.pdf
P110,ISPP_PEACE_OPTIONS_2023_24,23.10.2023–31.10.2023,2023-10,Повернення окупованого після 24.02.2022,0.092,ISPP25S,PDF с.115,"Одна прийнятна умова; у 2025 перелік суттєво змінено, ряд 2025 сюди не додано. У ретроспективах 2024/2025 ці самі п’ять значень (42,0; 25,1; 10,9; 9,2; 2,9%) підписано «вересень 2023». Первинний звіт на с. 2 задає 23–31.10.2023, на с. 22 містить відповідне питання та значення. Використано дату первинного звіту.",https://ispp.org.ua/wp-content/uploads/2026/01/dovidnikchunikhina2025.pdf
P110,ISPP_PEACE_OPTIONS_2023_24,23.10.2023–31.10.2023,2023-10,Нинішня лінія як кордон за вступу до НАТО/ЄС,0.029,ISPP25S,PDF с.115,"Одна прийнятна умова; у 2025 перелік суттєво змінено, ряд 2025 сюди не додано. У ретроспективах 2024/2025 ці самі п’ять значень (42,0; 25,1; 10,9; 9,2; 2,9%) підписано «вересень 2023». Первинний звіт на с. 2 задає 23–31.10.2023, на с. 22 містить відповідне питання та значення. Використано дату первинного звіту.",https://ispp.org.ua/wp-content/uploads/2026/01/dovidnikchunikhina2025.pdf
P111,ISPP_PEACE_OPTIONS_2023_24,2024-09,2024-09,Капітуляція РФ і всі репарації,0.319,ISPP25S,PDF с.115,"Одна прийнятна умова; у 2025 перелік суттєво змінено, ряд 2025 сюди не додано.",https://ispp.org.ua/wp-content/uploads/2026/01/dovidnikchunikhina2025.pdf
P111,ISPP_PEACE_OPTIONS_2023_24,2024-09,2024-09,Кордони 1991,0.273,ISPP25S,PDF с.115,"Одна прийнятна умова; у 2025 перелік суттєво змінено, ряд 2025 сюди не додано.",https://ispp.org.ua/wp-content/uploads/2026/01/dovidnikchunikhina2025.pdf
P111,ISPP_PEACE_OPTIONS_2023_24,2024-09,2024-09,Припинення вогню / взаємне відведення,0.146,ISPP25S,PDF с.115,"Одна прийнятна умова; у 2025 перелік суттєво змінено, ряд 2025 сюди не додано.",https://ispp.org.ua/wp-content/uploads/2026/01/dovidnikchunikhina2025.pdf
P111,ISPP_PEACE_OPTIONS_2023_24,2024-09,2024-09,Повернення окупованого після 24.02.2022,0.115,ISPP25S,PDF с.115,"Одна прийнятна умова; у 2025 перелік суттєво змінено, ряд 2025 сюди не додано.",https://ispp.org.ua/wp-content/uploads/2026/01/dovidnikchunikhina2025.pdf
P111,ISPP_PEACE_OPTIONS_2023_24,2024-09,2024-09,Нинішня лінія як кордон за вступу до НАТО/ЄС,0.048,ISPP25S,PDF с.115,"Одна прийнятна умова; у 2025 перелік суттєво змінено, ряд 2025 сюди не додано.",https://ispp.org.ua/wp-content/uploads/2026/01/dovidnikchunikhina2025.pdf
P115,IRI_PEACE_REFERENDUM,Вересень 2024,2024-09,Однозначно підтримую,0.29,IR26JP,С.53,Однакове надруковане питання. У 2026 змінено географію зважування з областей на макрорегіони; позначити межу методики. Сума 2026 = 101% через округлення.,https://www.iri.org/wp-content/uploads/2026/06/UKR-26-NS-02-PT-UA-Public.pdf
P115,IRI_PEACE_REFERENDUM,Вересень 2024,2024-09,Скоріше підтримую,0.25,IR26JP,С.53,Однакове надруковане питання. У 2026 змінено географію зважування з областей на макрорегіони; позначити межу методики. Сума 2026 = 101% через округлення.,https://www.iri.org/wp-content/uploads/2026/06/UKR-26-NS-02-PT-UA-Public.pdf
P115,IRI_PEACE_REFERENDUM,Вересень 2024,2024-09,Скоріше не підтримую,0.13,IR26JP,С.53,Однакове надруковане питання. У 2026 змінено географію зважування з областей на макрорегіони; позначити межу методики. Сума 2026 = 101% через округлення.,https://www.iri.org/wp-content/uploads/2026/06/UKR-26-NS-02-PT-UA-Public.pdf
P115,IRI_PEACE_REFERENDUM,Вересень 2024,2024-09,Однозначно не підтримую,0.25,IR26JP,С.53,Однакове надруковане питання. У 2026 змінено географію зважування з областей на макрорегіони; позначити межу методики. Сума 2026 = 101% через округлення.,https://www.iri.org/wp-content/uploads/2026/06/UKR-26-NS-02-PT-UA-Public.pdf
P115,IRI_PEACE_REFERENDUM,Вересень 2024,2024-09,Важко відповісти / немає відповіді,0.08,IR26JP,С.53,Однакове надруковане питання. У 2026 змінено географію зважування з областей на макрорегіони; позначити межу методики. Сума 2026 = 101% через округлення.,https://www.iri.org/wp-content/uploads/2026/06/UKR-26-NS-02-PT-UA-Public.pdf
P116,IRI_PEACE_REFERENDUM,Липень 2025,2025-07,Однозначно підтримую,0.27,IR26JP,С.53,Однакове надруковане питання. У 2026 змінено географію зважування з областей на макрорегіони; позначити межу методики. Сума 2026 = 101% через округлення.,https://www.iri.org/wp-content/uploads/2026/06/UKR-26-NS-02-PT-UA-Public.pdf
P116,IRI_PEACE_REFERENDUM,Липень 2025,2025-07,Скоріше підтримую,0.24,IR26JP,С.53,Однакове надруковане питання. У 2026 змінено географію зважування з областей на макрорегіони; позначити межу методики. Сума 2026 = 101% через округлення.,https://www.iri.org/wp-content/uploads/2026/06/UKR-26-NS-02-PT-UA-Public.pdf
P116,IRI_PEACE_REFERENDUM,Липень 2025,2025-07,Скоріше не підтримую,0.12,IR26JP,С.53,Однакове надруковане питання. У 2026 змінено географію зважування з областей на макрорегіони; позначити межу методики. Сума 2026 = 101% через округлення.,https://www.iri.org/wp-content/uploads/2026/06/UKR-26-NS-02-PT-UA-Public.pdf
P116,IRI_PEACE_REFERENDUM,Липень 2025,2025-07,Однозначно не підтримую,0.28,IR26JP,С.53,Однакове надруковане питання. У 2026 змінено географію зважування з областей на макрорегіони; позначити межу методики. Сума 2026 = 101% через округлення.,https://www.iri.org/wp-content/uploads/2026/06/UKR-26-NS-02-PT-UA-Public.pdf
P116,IRI_PEACE_REFERENDUM,Липень 2025,2025-07,Важко відповісти / немає відповіді,0.09,IR26JP,С.53,Однакове надруковане питання. У 2026 змінено географію зважування з областей на макрорегіони; позначити межу методики. Сума 2026 = 101% через округлення.,https://www.iri.org/wp-content/uploads/2026/06/UKR-26-NS-02-PT-UA-Public.pdf
P114,IRI_PEACE_REFERENDUM,Червень 2026,2026-06,Однозначно підтримую,0.27,IR26JP,С.53,Однакове надруковане питання. У 2026 змінено географію зважування з областей на макрорегіони; позначити межу методики. Сума 2026 = 101% через округлення.,https://www.iri.org/wp-content/uploads/2026/06/UKR-26-NS-02-PT-UA-Public.pdf
P114,IRI_PEACE_REFERENDUM,Червень 2026,2026-06,Скоріше підтримую,0.25,IR26JP,С.53,Однакове надруковане питання. У 2026 змінено географію зважування з областей на макрорегіони; позначити межу методики. Сума 2026 = 101% через округлення.,https://www.iri.org/wp-content/uploads/2026/06/UKR-26-NS-02-PT-UA-Public.pdf
P114,IRI_PEACE_REFERENDUM,Червень 2026,2026-06,Скоріше не підтримую,0.15,IR26JP,С.53,Однакове надруковане питання. У 2026 змінено географію зважування з областей на макрорегіони; позначити межу методики. Сума 2026 = 101% через округлення.,https://www.iri.org/wp-content/uploads/2026/06/UKR-26-NS-02-PT-UA-Public.pdf
P114,IRI_PEACE_REFERENDUM,Червень 2026,2026-06,Однозначно не підтримую,0.25,IR26JP,С.53,Однакове надруковане питання. У 2026 змінено географію зважування з областей на макрорегіони; позначити межу методики. Сума 2026 = 101% через округлення.,https://www.iri.org/wp-content/uploads/2026/06/UKR-26-NS-02-PT-UA-Public.pdf
P114,IRI_PEACE_REFERENDUM,Червень 2026,2026-06,Важко відповісти / немає відповіді,0.09,IR26JP,С.53,Однакове надруковане питання. У 2026 змінено географію зважування з областей на макрорегіони; позначити межу методики. Сума 2026 = 101% через округлення.,https://www.iri.org/wp-content/uploads/2026/06/UKR-26-NS-02-PT-UA-Public.pdf
P48,KIIS_RECOGNITION_LEGAL,Листопад–грудень 2025,2025-12,Можуть прийняти,0.25,K1572,Графік 2,"Фінальні результати 26.11–29.12.2025, публікація 02.01.2026. Окрема конкретизація територіальних поступок; не додавати до загального питання як нову хвилю.",https://www.kiis.com.ua/?cat=reports&id=1572&lang=ukr
P48,KIIS_RECOGNITION_LEGAL,Листопад–грудень 2025,2025-12,Категорично проти,0.58,K1572,Графік 2,"Фінальні результати 26.11–29.12.2025, публікація 02.01.2026. Окрема конкретизація територіальних поступок; не додавати до загального питання як нову хвилю.",https://www.kiis.com.ua/?cat=reports&id=1572&lang=ukr
P48,KIIS_RECOGNITION_LEGAL,Листопад–грудень 2025,2025-12,Не визначилися,0.17,K1572,Графік 2,"Фінальні результати 26.11–29.12.2025, публікація 02.01.2026. Окрема конкретизація територіальних поступок; не додавати до загального питання як нову хвилю.",https://www.kiis.com.ua/?cat=reports&id=1572&lang=ukr
P48,KIIS_UNOCCUPIED_TRANSFER,Листопад–грудень 2025,2025-12,Можуть прийняти,0.18,K1572,Графік 2,"Фінальні результати 26.11–29.12.2025, публікація 02.01.2026. Окрема конкретизація територіальних поступок; не додавати до загального питання як нову хвилю.",https://www.kiis.com.ua/?cat=reports&id=1572&lang=ukr
P48,KIIS_UNOCCUPIED_TRANSFER,Листопад–грудень 2025,2025-12,Категорично проти,0.66,K1572,Графік 2,"Фінальні результати 26.11–29.12.2025, публікація 02.01.2026. Окрема конкретизація територіальних поступок; не додавати до загального питання як нову хвилю.",https://www.kiis.com.ua/?cat=reports&id=1572&lang=ukr
P48,KIIS_UNOCCUPIED_TRANSFER,Листопад–грудень 2025,2025-12,Не визначилися,0.16,K1572,Графік 2,"Фінальні результати 26.11–29.12.2025, публікація 02.01.2026. Окрема конкретизація територіальних поступок; не додавати до загального питання як нову хвилю.",https://www.kiis.com.ua/?cat=reports&id=1572&lang=ukr
P48,KIIS_FREEZE_NO_RECOGNITION,Листопад–грудень 2025,2025-12,Можуть прийняти,0.39,K1572,Графік 2,"Фінальні результати 26.11–29.12.2025, публікація 02.01.2026. Окрема конкретизація територіальних поступок; не додавати до загального питання як нову хвилю.",https://www.kiis.com.ua/?cat=reports&id=1572&lang=ukr
P48,KIIS_FREEZE_NO_RECOGNITION,Листопад–грудень 2025,2025-12,Категорично проти,0.5,K1572,Графік 2,"Фінальні результати 26.11–29.12.2025, публікація 02.01.2026. Окрема конкретизація територіальних поступок; не додавати до загального питання як нову хвилю.",https://www.kiis.com.ua/?cat=reports&id=1572&lang=ukr
P48,KIIS_FREEZE_NO_RECOGNITION,Листопад–грудень 2025,2025-12,Не визначилися,0.11,K1572,Графік 2,"Фінальні результати 26.11–29.12.2025, публікація 02.01.2026. Окрема конкретизація територіальних поступок; не додавати до загального питання як нову хвилю.",https://www.kiis.com.ua/?cat=reports&id=1572&lang=ukr
P118,SAPIENS_NATO_BAN_2022,03.03.2022–04.03.2022,2022-03-03,Проти заборони НАТО,0.56,IS22,"PDF, с. 1, графік і легенда",Усі три опубліковані категорії; кожний сценарій оцінювали окремо. Умова питання — гарантія негайного припинення війни.,https://www.sapiens.com.ua/publications/socpol-research/211/Release_IS_war_fin_30_03.pdf
P118,SAPIENS_NATO_BAN_2022,03.03.2022–04.03.2022,2022-03-03,Готові прийняти заборону НАТО,0.3,IS22,"PDF, с. 1, графік і легенда",Усі три опубліковані категорії; кожний сценарій оцінювали окремо. Умова питання — гарантія негайного припинення війни.,https://www.sapiens.com.ua/publications/socpol-research/211/Release_IS_war_fin_30_03.pdf
P118,SAPIENS_NATO_BAN_2022,03.03.2022–04.03.2022,2022-03-03,Важко сказати / відмова,0.14,IS22,"PDF, с. 1, графік і легенда",Усі три опубліковані категорії; кожний сценарій оцінювали окремо. Умова питання — гарантія негайного припинення війни.,https://www.sapiens.com.ua/publications/socpol-research/211/Release_IS_war_fin_30_03.pdf
P89,SAPIENS_NATO_BAN_2022,14.03.2022–15.03.2022,2022-03-14,Проти заборони НАТО,0.51,IS22,"PDF, с. 1, графік і легенда",Усі три опубліковані категорії; кожний сценарій оцінювали окремо. Умова питання — гарантія негайного припинення війни.,https://www.sapiens.com.ua/publications/socpol-research/211/Release_IS_war_fin_30_03.pdf
P89,SAPIENS_NATO_BAN_2022,14.03.2022–15.03.2022,2022-03-14,Готові прийняти заборону НАТО,0.33,IS22,"PDF, с. 1, графік і легенда",Усі три опубліковані категорії; кожний сценарій оцінювали окремо. Умова питання — гарантія негайного припинення війни.,https://www.sapiens.com.ua/publications/socpol-research/211/Release_IS_war_fin_30_03.pdf
P89,SAPIENS_NATO_BAN_2022,14.03.2022–15.03.2022,2022-03-14,Важко сказати / відмова,0.16,IS22,"PDF, с. 1, графік і легенда",Усі три опубліковані категорії; кожний сценарій оцінювали окремо. Умова питання — гарантія негайного припинення війни.,https://www.sapiens.com.ua/publications/socpol-research/211/Release_IS_war_fin_30_03.pdf
P88,SAPIENS_NATO_BAN_2022,28.03.2022–29.03.2022,2022-03-28,Проти заборони НАТО,0.45,IS22,"PDF, с. 1, графік і легенда",Усі три опубліковані категорії; кожний сценарій оцінювали окремо. Умова питання — гарантія негайного припинення війни.,https://www.sapiens.com.ua/publications/socpol-research/211/Release_IS_war_fin_30_03.pdf
P88,SAPIENS_NATO_BAN_2022,28.03.2022–29.03.2022,2022-03-28,Готові прийняти заборону НАТО,0.37,IS22,"PDF, с. 1, графік і легенда",Усі три опубліковані категорії; кожний сценарій оцінювали окремо. Умова питання — гарантія негайного припинення війни.,https://www.sapiens.com.ua/publications/socpol-research/211/Release_IS_war_fin_30_03.pdf
P88,SAPIENS_NATO_BAN_2022,28.03.2022–29.03.2022,2022-03-28,Важко сказати / відмова,0.18,IS22,"PDF, с. 1, графік і легенда",Усі три опубліковані категорії; кожний сценарій оцінювали окремо. Умова питання — гарантія негайного припинення війни.,https://www.sapiens.com.ua/publications/socpol-research/211/Release_IS_war_fin_30_03.pdf
P117,NDI_PEACE_PRICE_TERRITORY_REJECT,01.08.2025–20.08.2025,2025-08,Повністю не приймаю,0.58,DATE_N25A,"PDF, с. 21","Усі п’ять опублікованих категорій. Округлення збережено; у березні 2026 авторський агрегат неприйняття 70%, а сума округлених сегментів 69%.",https://ndi.org/sites/default/files/2025-11/NDI-August-2025-CATI-Public_UKR.pdf
P117,NDI_PEACE_PRICE_TERRITORY_REJECT,01.08.2025–20.08.2025,2025-08,Скоріше не приймаю,0.12,DATE_N25A,"PDF, с. 21","Усі п’ять опублікованих категорій. Округлення збережено; у березні 2026 авторський агрегат неприйняття 70%, а сума округлених сегментів 69%.",https://ndi.org/sites/default/files/2025-11/NDI-August-2025-CATI-Public_UKR.pdf
P117,NDI_PEACE_PRICE_TERRITORY_REJECT,01.08.2025–20.08.2025,2025-08,Скоріше приймаю,0.09,DATE_N25A,"PDF, с. 21","Усі п’ять опублікованих категорій. Округлення збережено; у березні 2026 авторський агрегат неприйняття 70%, а сума округлених сегментів 69%.",https://ndi.org/sites/default/files/2025-11/NDI-August-2025-CATI-Public_UKR.pdf
P117,NDI_PEACE_PRICE_TERRITORY_REJECT,01.08.2025–20.08.2025,2025-08,Повністю приймаю,0.05,DATE_N25A,"PDF, с. 21","Усі п’ять опублікованих категорій. Округлення збережено; у березні 2026 авторський агрегат неприйняття 70%, а сума округлених сегментів 69%.",https://ndi.org/sites/default/files/2025-11/NDI-August-2025-CATI-Public_UKR.pdf
P117,NDI_PEACE_PRICE_TERRITORY_REJECT,01.08.2025–20.08.2025,2025-08,Важко відповісти,0.15,DATE_N25A,"PDF, с. 21","Усі п’ять опублікованих категорій. Округлення збережено; у березні 2026 авторський агрегат неприйняття 70%, а сума округлених сегментів 69%.",https://ndi.org/sites/default/files/2025-11/NDI-August-2025-CATI-Public_UKR.pdf
P10,NDI_PEACE_PRICE_TERRITORY_REJECT,03.03.2026–28.03.2026,2026-03,Повністю не приймаю,0.55,N1P,"PDF, с. 21","Усі п’ять опублікованих категорій. Округлення збережено; у березні 2026 авторський агрегат неприйняття 70%, а сума округлених сегментів 69%.",https://www.ndi.org/sites/default/files/2026-07/UKR_NDI-March-2026-Political-Survey_Public.pptx.pdf
P10,NDI_PEACE_PRICE_TERRITORY_REJECT,03.03.2026–28.03.2026,2026-03,Скоріше не приймаю,0.14,N1P,"PDF, с. 21","Усі п’ять опублікованих категорій. Округлення збережено; у березні 2026 авторський агрегат неприйняття 70%, а сума округлених сегментів 69%.",https://www.ndi.org/sites/default/files/2026-07/UKR_NDI-March-2026-Political-Survey_Public.pptx.pdf
P10,NDI_PEACE_PRICE_TERRITORY_REJECT,03.03.2026–28.03.2026,2026-03,Скоріше приймаю,0.1,N1P,"PDF, с. 21","Усі п’ять опублікованих категорій. Округлення збережено; у березні 2026 авторський агрегат неприйняття 70%, а сума округлених сегментів 69%.",https://www.ndi.org/sites/default/files/2026-07/UKR_NDI-March-2026-Political-Survey_Public.pptx.pdf
P10,NDI_PEACE_PRICE_TERRITORY_REJECT,03.03.2026–28.03.2026,2026-03,Повністю приймаю,0.04,N1P,"PDF, с. 21","Усі п’ять опублікованих категорій. Округлення збережено; у березні 2026 авторський агрегат неприйняття 70%, а сума округлених сегментів 69%.",https://www.ndi.org/sites/default/files/2026-07/UKR_NDI-March-2026-Political-Survey_Public.pptx.pdf
P10,NDI_PEACE_PRICE_TERRITORY_REJECT,03.03.2026–28.03.2026,2026-03,Важко відповісти,0.16,N1P,"PDF, с. 21","Усі п’ять опублікованих категорій. Округлення збережено; у березні 2026 авторський агрегат неприйняття 70%, а сума округлених сегментів 69%.",https://www.ndi.org/sites/default/files/2026-07/UKR_NDI-March-2026-Political-Survey_Public.pptx.pdf
P117,NDI_PEACE_PRICE_LANGUAGE_REJECT,01.08.2025–20.08.2025,2025-08,Повністю не приймаю,0.59,DATE_N25A,"PDF, с. 21","Усі п’ять опублікованих категорій. Округлення збережено; у березні 2026 авторський агрегат неприйняття 70%, а сума округлених сегментів 69%.",https://ndi.org/sites/default/files/2025-11/NDI-August-2025-CATI-Public_UKR.pdf
P117,NDI_PEACE_PRICE_LANGUAGE_REJECT,01.08.2025–20.08.2025,2025-08,Скоріше не приймаю,0.13,DATE_N25A,"PDF, с. 21","Усі п’ять опублікованих категорій. Округлення збережено; у березні 2026 авторський агрегат неприйняття 70%, а сума округлених сегментів 69%.",https://ndi.org/sites/default/files/2025-11/NDI-August-2025-CATI-Public_UKR.pdf
P117,NDI_PEACE_PRICE_LANGUAGE_REJECT,01.08.2025–20.08.2025,2025-08,Скоріше приймаю,0.08,DATE_N25A,"PDF, с. 21","Усі п’ять опублікованих категорій. Округлення збережено; у березні 2026 авторський агрегат неприйняття 70%, а сума округлених сегментів 69%.",https://ndi.org/sites/default/files/2025-11/NDI-August-2025-CATI-Public_UKR.pdf
P117,NDI_PEACE_PRICE_LANGUAGE_REJECT,01.08.2025–20.08.2025,2025-08,Повністю приймаю,0.06,DATE_N25A,"PDF, с. 21","Усі п’ять опублікованих категорій. Округлення збережено; у березні 2026 авторський агрегат неприйняття 70%, а сума округлених сегментів 69%.",https://ndi.org/sites/default/files/2025-11/NDI-August-2025-CATI-Public_UKR.pdf
P117,NDI_PEACE_PRICE_LANGUAGE_REJECT,01.08.2025–20.08.2025,2025-08,Важко відповісти,0.14,DATE_N25A,"PDF, с. 21","Усі п’ять опублікованих категорій. Округлення збережено; у березні 2026 авторський агрегат неприйняття 70%, а сума округлених сегментів 69%.",https://ndi.org/sites/default/files/2025-11/NDI-August-2025-CATI-Public_UKR.pdf
P10,NDI_PEACE_PRICE_LANGUAGE_REJECT,03.03.2026–28.03.2026,2026-03,Повністю не приймаю,0.54,N1P,"PDF, с. 21","Усі п’ять опублікованих категорій. Округлення збережено; у березні 2026 авторський агрегат неприйняття 70%, а сума округлених сегментів 69%.",https://www.ndi.org/sites/default/files/2026-07/UKR_NDI-March-2026-Political-Survey_Public.pptx.pdf
P10,NDI_PEACE_PRICE_LANGUAGE_REJECT,03.03.2026–28.03.2026,2026-03,Скоріше не приймаю,0.15,N1P,"PDF, с. 21","Усі п’ять опублікованих категорій. Округлення збережено; у березні 2026 авторський агрегат неприйняття 70%, а сума округлених сегментів 69%.",https://www.ndi.org/sites/default/files/2026-07/UKR_NDI-March-2026-Political-Survey_Public.pptx.pdf
P10,NDI_PEACE_PRICE_LANGUAGE_REJECT,03.03.2026–28.03.2026,2026-03,Скоріше приймаю,0.11,N1P,"PDF, с. 21","Усі п’ять опублікованих категорій. Округлення збережено; у березні 2026 авторський агрегат неприйняття 70%, а сума округлених сегментів 69%.",https://www.ndi.org/sites/default/files/2026-07/UKR_NDI-March-2026-Political-Survey_Public.pptx.pdf
P10,NDI_PEACE_PRICE_LANGUAGE_REJECT,03.03.2026–28.03.2026,2026-03,Повністю приймаю,0.07,N1P,"PDF, с. 21","Усі п’ять опублікованих категорій. Округлення збережено; у березні 2026 авторський агрегат неприйняття 70%, а сума округлених сегментів 69%.",https://www.ndi.org/sites/default/files/2026-07/UKR_NDI-March-2026-Political-Survey_Public.pptx.pdf
P10,NDI_PEACE_PRICE_LANGUAGE_REJECT,03.03.2026–28.03.2026,2026-03,Важко відповісти,0.13,N1P,"PDF, с. 21","Усі п’ять опублікованих категорій. Округлення збережено; у березні 2026 авторський агрегат неприйняття 70%, а сума округлених сегментів 69%.",https://www.ndi.org/sites/default/files/2026-07/UKR_NDI-March-2026-Political-Survey_Public.pptx.pdf
P120,KIIS_WHO_WINS,05.2022,2022-05,"Безумовно, Україна",0.8,K1372,Графік 1,Повні категорії опублікованого графіка; відмови окремо не показані. База: Усі опитані відповідної історичної хвилі; n у джерелі не наведено,https://www.kiis.com.ua/?cat=reports&id=1372&lang=ukr
P120,KIIS_WHO_WINS,05.2022,2022-05,"Скоріше, Україна",0.15,K1372,Графік 1,Повні категорії опублікованого графіка; відмови окремо не показані. База: Усі опитані відповідної історичної хвилі; n у джерелі не наведено,https://www.kiis.com.ua/?cat=reports&id=1372&lang=ukr
P120,KIIS_WHO_WINS,05.2022,2022-05,"Скоріше, Росія",0.01,K1372,Графік 1,Повні категорії опублікованого графіка; відмови окремо не показані. База: Усі опитані відповідної історичної хвилі; n у джерелі не наведено,https://www.kiis.com.ua/?cat=reports&id=1372&lang=ukr
P120,KIIS_WHO_WINS,05.2022,2022-05,"Безумовно, Росія",0.0,K1372,Графік 1,Повні категорії опублікованого графіка; відмови окремо не показані. База: Усі опитані відповідної історичної хвилі; n у джерелі не наведено,https://www.kiis.com.ua/?cat=reports&id=1372&lang=ukr
P120,KIIS_WHO_WINS,05.2022,2022-05,Невизначені,0.04,K1372,Графік 1,Повні категорії опублікованого графіка; відмови окремо не показані. База: Усі опитані відповідної історичної хвилі; n у джерелі не наведено,https://www.kiis.com.ua/?cat=reports&id=1372&lang=ukr
P121,KIIS_WHO_WINS,12.2023,2023-12,"Безумовно, Україна",0.65,K1372,Графік 1,Повні категорії опублікованого графіка; відмови окремо не показані. База: Усі опитані відповідної історичної хвилі; n у джерелі не наведено,https://www.kiis.com.ua/?cat=reports&id=1372&lang=ukr
P121,KIIS_WHO_WINS,12.2023,2023-12,"Скоріше, Україна",0.23,K1372,Графік 1,Повні категорії опублікованого графіка; відмови окремо не показані. База: Усі опитані відповідної історичної хвилі; n у джерелі не наведено,https://www.kiis.com.ua/?cat=reports&id=1372&lang=ukr
P121,KIIS_WHO_WINS,12.2023,2023-12,"Скоріше, Росія",0.02,K1372,Графік 1,Повні категорії опублікованого графіка; відмови окремо не показані. База: Усі опитані відповідної історичної хвилі; n у джерелі не наведено,https://www.kiis.com.ua/?cat=reports&id=1372&lang=ukr
P121,KIIS_WHO_WINS,12.2023,2023-12,"Безумовно, Росія",0.0,K1372,Графік 1,Повні категорії опублікованого графіка; відмови окремо не показані. База: Усі опитані відповідної історичної хвилі; n у джерелі не наведено,https://www.kiis.com.ua/?cat=reports&id=1372&lang=ukr
P121,KIIS_WHO_WINS,12.2023,2023-12,Невизначені,0.09,K1372,Графік 1,Повні категорії опублікованого графіка; відмови окремо не показані. База: Усі опитані відповідної історичної хвилі; n у джерелі не наведено,https://www.kiis.com.ua/?cat=reports&id=1372&lang=ukr
P122,KIIS_WHO_WINS,05.02.2024–10.02.2024,2024-02,"Безумовно, Україна",0.6,K1372,Графік 1,Повні категорії опублікованого графіка; відмови окремо не показані. База: Усі опитані; n=1202,https://www.kiis.com.ua/?cat=reports&id=1372&lang=ukr
P122,KIIS_WHO_WINS,05.02.2024–10.02.2024,2024-02,"Скоріше, Україна",0.29,K1372,Графік 1,Повні категорії опублікованого графіка; відмови окремо не показані. База: Усі опитані; n=1202,https://www.kiis.com.ua/?cat=reports&id=1372&lang=ukr
P122,KIIS_WHO_WINS,05.02.2024–10.02.2024,2024-02,"Скоріше, Росія",0.03,K1372,Графік 1,Повні категорії опублікованого графіка; відмови окремо не показані. База: Усі опитані; n=1202,https://www.kiis.com.ua/?cat=reports&id=1372&lang=ukr
P122,KIIS_WHO_WINS,05.02.2024–10.02.2024,2024-02,"Безумовно, Росія",0.01,K1372,Графік 1,Повні категорії опублікованого графіка; відмови окремо не показані. База: Усі опитані; n=1202,https://www.kiis.com.ua/?cat=reports&id=1372&lang=ukr
P122,KIIS_WHO_WINS,05.02.2024–10.02.2024,2024-02,Невизначені,0.07,K1372,Графік 1,Повні категорії опублікованого графіка; відмови окремо не показані. База: Усі опитані; n=1202,https://www.kiis.com.ua/?cat=reports&id=1372&lang=ukr
P124,KIIS_WHO_WINS,02.2025,2025-02,"Безумовно, Україна",0.46,K1639,Графік 1,Повні категорії опублікованого графіка; відмови окремо не показані. База: Усі опитані відповідної історичної хвилі; n у джерелі не наведено,https://kiis.com.ua/?lang=ukr&cat=reports&id=1639&page=1
P124,KIIS_WHO_WINS,02.2025,2025-02,"Скоріше, Україна",0.31,K1639,Графік 1,Повні категорії опублікованого графіка; відмови окремо не показані. База: Усі опитані відповідної історичної хвилі; n у джерелі не наведено,https://kiis.com.ua/?lang=ukr&cat=reports&id=1639&page=1
P124,KIIS_WHO_WINS,02.2025,2025-02,"Скоріше, Росія",0.07,K1639,Графік 1,Повні категорії опублікованого графіка; відмови окремо не показані. База: Усі опитані відповідної історичної хвилі; n у джерелі не наведено,https://kiis.com.ua/?lang=ukr&cat=reports&id=1639&page=1
P124,KIIS_WHO_WINS,02.2025,2025-02,"Безумовно, Росія",0.01,K1639,Графік 1,Повні категорії опублікованого графіка; відмови окремо не показані. База: Усі опитані відповідної історичної хвилі; n у джерелі не наведено,https://kiis.com.ua/?lang=ukr&cat=reports&id=1639&page=1
P124,KIIS_WHO_WINS,02.2025,2025-02,Невизначені,0.16,K1639,Графік 1,Повні категорії опублікованого графіка; відмови окремо не показані. База: Усі опитані відповідної історичної хвилі; n у джерелі не наведено,https://kiis.com.ua/?lang=ukr&cat=reports&id=1639&page=1
P127,KIIS_WHO_WINS,16.07.2026–31.07.2026,2026-07,"Безумовно, Україна",0.6,K1627,"Додаток 2, CATI; відповідні агрегати — реліз 1639, графік 1","У часовому ряді тільки CATI, n=905. «Важко сказати» у зведеному графіку 1639 — 13%; додаток 1627 подає окремо 12% невизначених і 1% відмов. Не додавати загальні 82% чи CAPI 78% як незалежні заміри. База: Телефонна частина, n=905; загальний паспорт дослідження n=1808",https://kiis.com.ua/?lang=ukr&cat=reports&id=1627
P127,KIIS_WHO_WINS,16.07.2026–31.07.2026,2026-07,"Скоріше, Україна",0.25,K1627,"Додаток 2, CATI; відповідні агрегати — реліз 1639, графік 1","У часовому ряді тільки CATI, n=905. «Важко сказати» у зведеному графіку 1639 — 13%; додаток 1627 подає окремо 12% невизначених і 1% відмов. Не додавати загальні 82% чи CAPI 78% як незалежні заміри. База: Телефонна частина, n=905; загальний паспорт дослідження n=1808",https://kiis.com.ua/?lang=ukr&cat=reports&id=1627
P127,KIIS_WHO_WINS,16.07.2026–31.07.2026,2026-07,"Скоріше, Росія",0.02,K1627,"Додаток 2, CATI; відповідні агрегати — реліз 1639, графік 1","У часовому ряді тільки CATI, n=905. «Важко сказати» у зведеному графіку 1639 — 13%; додаток 1627 подає окремо 12% невизначених і 1% відмов. Не додавати загальні 82% чи CAPI 78% як незалежні заміри. База: Телефонна частина, n=905; загальний паспорт дослідження n=1808",https://kiis.com.ua/?lang=ukr&cat=reports&id=1627
P127,KIIS_WHO_WINS,16.07.2026–31.07.2026,2026-07,"Безумовно, Росія",0.0,K1627,"Додаток 2, CATI; відповідні агрегати — реліз 1639, графік 1","У часовому ряді тільки CATI, n=905. «Важко сказати» у зведеному графіку 1639 — 13%; додаток 1627 подає окремо 12% невизначених і 1% відмов. Не додавати загальні 82% чи CAPI 78% як незалежні заміри. База: Телефонна частина, n=905; загальний паспорт дослідження n=1808",https://kiis.com.ua/?lang=ukr&cat=reports&id=1627
P127,KIIS_WHO_WINS,16.07.2026–31.07.2026,2026-07,Невизначені,0.13,K1627,"Додаток 2, CATI; відповідні агрегати — реліз 1639, графік 1","У часовому ряді тільки CATI, n=905. «Важко сказати» у зведеному графіку 1639 — 13%; додаток 1627 подає окремо 12% невизначених і 1% відмов. Не додавати загальні 82% чи CAPI 78% як незалежні заміри. База: Телефонна частина, n=905; загальний паспорт дослідження n=1808",https://kiis.com.ua/?lang=ukr&cat=reports&id=1627
P119,KIIS_WHO_WINS,12.09.2026–21.09.2026,2026-09,"Безумовно, Україна",0.47,K1639,Графік 1,Повні категорії опублікованого графіка; відмови окремо не показані. База: Усі опитані; n=1002,https://kiis.com.ua/?lang=ukr&cat=reports&id=1639&page=1
P119,KIIS_WHO_WINS,12.09.2026–21.09.2026,2026-09,"Скоріше, Україна",0.32,K1639,Графік 1,Повні категорії опублікованого графіка; відмови окремо не показані. База: Усі опитані; n=1002,https://kiis.com.ua/?lang=ukr&cat=reports&id=1639&page=1
P119,KIIS_WHO_WINS,12.09.2026–21.09.2026,2026-09,"Скоріше, Росія",0.05,K1639,Графік 1,Повні категорії опублікованого графіка; відмови окремо не показані. База: Усі опитані; n=1002,https://kiis.com.ua/?lang=ukr&cat=reports&id=1639&page=1
P119,KIIS_WHO_WINS,12.09.2026–21.09.2026,2026-09,"Безумовно, Росія",0.02,K1639,Графік 1,Повні категорії опублікованого графіка; відмови окремо не показані. База: Усі опитані; n=1002,https://kiis.com.ua/?lang=ukr&cat=reports&id=1639&page=1
P119,KIIS_WHO_WINS,12.09.2026–21.09.2026,2026-09,Невизначені,0.14,K1639,Графік 1,Повні категорії опублікованого графіка; відмови окремо не показані. База: Усі опитані; n=1002,https://kiis.com.ua/?lang=ukr&cat=reports&id=1639&page=1
P120,KIIS_REALISTIC_ENDING,05.2022,2022-05,Державність із втратами,0.06,K1372,"Графік 5; Додаток 1, Б4","Старе формулювання питання і п’ятої опції відрізняється від 2025–2026. Це прогноз, а не бажаний сценарій. Збережено значення графіка, включно з округленням; у прозі релізу є неузгоджені суми й згадки років. База: Усі опитані відповідної історичної хвилі; n у джерелі не наведено",https://www.kiis.com.ua/?cat=reports&id=1372&lang=ukr
P120,KIIS_REALISTIC_ENDING,05.2022,2022-05,Лінія 24.02.2022,0.1,K1372,"Графік 5; Додаток 1, Б4","Старе формулювання питання і п’ятої опції відрізняється від 2025–2026. Це прогноз, а не бажаний сценарій. Збережено значення графіка, включно з округленням; у прозі релізу є неузгоджені суми й згадки років. База: Усі опитані відповідної історичної хвилі; n у джерелі не наведено",https://www.kiis.com.ua/?cat=reports&id=1372&lang=ukr
P120,KIIS_REALISTIC_ENDING,05.2022,2022-05,Донбас повністю,0.09,K1372,"Графік 5; Додаток 1, Б4","Старе формулювання питання і п’ятої опції відрізняється від 2025–2026. Це прогноз, а не бажаний сценарій. Збережено значення графіка, включно з округленням; у прозі релізу є неузгоджені суми й згадки років. База: Усі опитані відповідної історичної хвилі; n у джерелі не наведено",https://www.kiis.com.ua/?cat=reports&id=1372&lang=ukr
P120,KIIS_REALISTIC_ENDING,05.2022,2022-05,Кордони 1991 року,0.61,K1372,"Графік 5; Додаток 1, Б4","Старе формулювання питання і п’ятої опції відрізняється від 2025–2026. Це прогноз, а не бажаний сценарій. Збережено значення графіка, включно з округленням; у прозі релізу є неузгоджені суми й згадки років. База: Усі опитані відповідної історичної хвилі; n у джерелі не наведено",https://www.kiis.com.ua/?cat=reports&id=1372&lang=ukr
P120,KIIS_REALISTIC_ENDING,05.2022,2022-05,Бойові дії в Росії,0.1,K1372,"Графік 5; Додаток 1, Б4","Старе формулювання питання і п’ятої опції відрізняється від 2025–2026. Це прогноз, а не бажаний сценарій. Збережено значення графіка, включно з округленням; у прозі релізу є неузгоджені суми й згадки років. База: Усі опитані відповідної історичної хвилі; n у джерелі не наведено",https://www.kiis.com.ua/?cat=reports&id=1372&lang=ukr
P120,KIIS_REALISTIC_ENDING,05.2022,2022-05,Невизначені,0.05,K1372,"Графік 5; Додаток 1, Б4","Старе формулювання питання і п’ятої опції відрізняється від 2025–2026. Це прогноз, а не бажаний сценарій. Збережено значення графіка, включно з округленням; у прозі релізу є неузгоджені суми й згадки років. База: Усі опитані відповідної історичної хвилі; n у джерелі не наведено",https://www.kiis.com.ua/?cat=reports&id=1372&lang=ukr
P121,KIIS_REALISTIC_ENDING,12.2023,2023-12,Державність із втратами,0.15,K1372,"Графік 5; Додаток 1, Б4","Старе формулювання питання і п’ятої опції відрізняється від 2025–2026. Це прогноз, а не бажаний сценарій. Збережено значення графіка, включно з округленням; у прозі релізу є неузгоджені суми й згадки років. База: Усі опитані відповідної історичної хвилі; n у джерелі не наведено",https://www.kiis.com.ua/?cat=reports&id=1372&lang=ukr
P121,KIIS_REALISTIC_ENDING,12.2023,2023-12,Лінія 24.02.2022,0.09,K1372,"Графік 5; Додаток 1, Б4","Старе формулювання питання і п’ятої опції відрізняється від 2025–2026. Це прогноз, а не бажаний сценарій. Збережено значення графіка, включно з округленням; у прозі релізу є неузгоджені суми й згадки років. База: Усі опитані відповідної історичної хвилі; n у джерелі не наведено",https://www.kiis.com.ua/?cat=reports&id=1372&lang=ukr
P121,KIIS_REALISTIC_ENDING,12.2023,2023-12,Донбас повністю,0.03,K1372,"Графік 5; Додаток 1, Б4","Старе формулювання питання і п’ятої опції відрізняється від 2025–2026. Це прогноз, а не бажаний сценарій. Збережено значення графіка, включно з округленням; у прозі релізу є неузгоджені суми й згадки років. База: Усі опитані відповідної історичної хвилі; n у джерелі не наведено",https://www.kiis.com.ua/?cat=reports&id=1372&lang=ukr
P121,KIIS_REALISTIC_ENDING,12.2023,2023-12,Кордони 1991 року,0.61,K1372,"Графік 5; Додаток 1, Б4","Старе формулювання питання і п’ятої опції відрізняється від 2025–2026. Це прогноз, а не бажаний сценарій. Збережено значення графіка, включно з округленням; у прозі релізу є неузгоджені суми й згадки років. База: Усі опитані відповідної історичної хвилі; n у джерелі не наведено",https://www.kiis.com.ua/?cat=reports&id=1372&lang=ukr
P121,KIIS_REALISTIC_ENDING,12.2023,2023-12,Бойові дії в Росії,0.08,K1372,"Графік 5; Додаток 1, Б4","Старе формулювання питання і п’ятої опції відрізняється від 2025–2026. Це прогноз, а не бажаний сценарій. Збережено значення графіка, включно з округленням; у прозі релізу є неузгоджені суми й згадки років. База: Усі опитані відповідної історичної хвилі; n у джерелі не наведено",https://www.kiis.com.ua/?cat=reports&id=1372&lang=ukr
P121,KIIS_REALISTIC_ENDING,12.2023,2023-12,Невизначені,0.04,K1372,"Графік 5; Додаток 1, Б4","Старе формулювання питання і п’ятої опції відрізняється від 2025–2026. Це прогноз, а не бажаний сценарій. Збережено значення графіка, включно з округленням; у прозі релізу є неузгоджені суми й згадки років. База: Усі опитані відповідної історичної хвилі; n у джерелі не наведено",https://www.kiis.com.ua/?cat=reports&id=1372&lang=ukr
P122,KIIS_REALISTIC_ENDING,05.02.2024–10.02.2024,2024-02,Державність із втратами,0.19,K1372,"Графік 5; Додаток 1, Б4","Старе формулювання питання і п’ятої опції відрізняється від 2025–2026. Це прогноз, а не бажаний сценарій. Збережено значення графіка, включно з округленням; у прозі релізу є неузгоджені суми й згадки років. База: Усі опитані; n=1202",https://www.kiis.com.ua/?cat=reports&id=1372&lang=ukr
P122,KIIS_REALISTIC_ENDING,05.02.2024–10.02.2024,2024-02,Лінія 24.02.2022,0.09,K1372,"Графік 5; Додаток 1, Б4","Старе формулювання питання і п’ятої опції відрізняється від 2025–2026. Це прогноз, а не бажаний сценарій. Збережено значення графіка, включно з округленням; у прозі релізу є неузгоджені суми й згадки років. База: Усі опитані; n=1202",https://www.kiis.com.ua/?cat=reports&id=1372&lang=ukr
P122,KIIS_REALISTIC_ENDING,05.02.2024–10.02.2024,2024-02,Донбас повністю,0.04,K1372,"Графік 5; Додаток 1, Б4","Старе формулювання питання і п’ятої опції відрізняється від 2025–2026. Це прогноз, а не бажаний сценарій. Збережено значення графіка, включно з округленням; у прозі релізу є неузгоджені суми й згадки років. База: Усі опитані; n=1202",https://www.kiis.com.ua/?cat=reports&id=1372&lang=ukr
P122,KIIS_REALISTIC_ENDING,05.02.2024–10.02.2024,2024-02,Кордони 1991 року,0.52,K1372,"Графік 5; Додаток 1, Б4","Старе формулювання питання і п’ятої опції відрізняється від 2025–2026. Це прогноз, а не бажаний сценарій. Збережено значення графіка, включно з округленням; у прозі релізу є неузгоджені суми й згадки років. База: Усі опитані; n=1202",https://www.kiis.com.ua/?cat=reports&id=1372&lang=ukr
P122,KIIS_REALISTIC_ENDING,05.02.2024–10.02.2024,2024-02,Бойові дії в Росії,0.14,K1372,"Графік 5; Додаток 1, Б4","Старе формулювання питання і п’ятої опції відрізняється від 2025–2026. Це прогноз, а не бажаний сценарій. Збережено значення графіка, включно з округленням; у прозі релізу є неузгоджені суми й згадки років. База: Усі опитані; n=1202",https://www.kiis.com.ua/?cat=reports&id=1372&lang=ukr
P122,KIIS_REALISTIC_ENDING,05.02.2024–10.02.2024,2024-02,Невизначені,0.03,K1372,"Графік 5; Додаток 1, Б4","Старе формулювання питання і п’ятої опції відрізняється від 2025–2026. Це прогноз, а не бажаний сценарій. Збережено значення графіка, включно з округленням; у прозі релізу є неузгоджені суми й згадки років. База: Усі опитані; n=1202",https://www.kiis.com.ua/?cat=reports&id=1372&lang=ukr
P124,KIIS_REALISTIC_ENDING,02.2025,2025-02,Державність із втратами,0.33,K1639,Таблиця 1,Ретроспективна таблиця 2025/2026; питання відділяє бажане від можливого. База: Усі опитані відповідної історичної хвилі; n у джерелі не наведено,https://kiis.com.ua/?lang=ukr&cat=reports&id=1639&page=1
P124,KIIS_REALISTIC_ENDING,02.2025,2025-02,Лінія 24.02.2022,0.16,K1639,Таблиця 1,Ретроспективна таблиця 2025/2026; питання відділяє бажане від можливого. База: Усі опитані відповідної історичної хвилі; n у джерелі не наведено,https://kiis.com.ua/?lang=ukr&cat=reports&id=1639&page=1
P124,KIIS_REALISTIC_ENDING,02.2025,2025-02,Донбас повністю,0.05,K1639,Таблиця 1,Ретроспективна таблиця 2025/2026; питання відділяє бажане від можливого. База: Усі опитані відповідної історичної хвилі; n у джерелі не наведено,https://kiis.com.ua/?lang=ukr&cat=reports&id=1639&page=1
P124,KIIS_REALISTIC_ENDING,02.2025,2025-02,Кордони 1991 року,0.25,K1639,Таблиця 1,Ретроспективна таблиця 2025/2026; питання відділяє бажане від можливого. База: Усі опитані відповідної історичної хвилі; n у джерелі не наведено,https://kiis.com.ua/?lang=ukr&cat=reports&id=1639&page=1
P124,KIIS_REALISTIC_ENDING,02.2025,2025-02,Бойові дії в Росії,0.14,K1639,Таблиця 1,Ретроспективна таблиця 2025/2026; питання відділяє бажане від можливого. База: Усі опитані відповідної історичної хвилі; n у джерелі не наведено,https://kiis.com.ua/?lang=ukr&cat=reports&id=1639&page=1
P124,KIIS_REALISTIC_ENDING,02.2025,2025-02,Невизначені,0.07,K1639,Таблиця 1,Ретроспективна таблиця 2025/2026; питання відділяє бажане від можливого. База: Усі опитані відповідної історичної хвилі; n у джерелі не наведено,https://kiis.com.ua/?lang=ukr&cat=reports&id=1639&page=1
P119,KIIS_REALISTIC_ENDING,12.09.2026–21.09.2026,2026-09,Державність із втратами,0.41,K1639,Таблиця 1,"Прогноз, а не бажаний сценарій. Версія питання та останньої опції відрізняється від 2024 року. Відмови окремо не опубліковані. База: Усі опитані; n=1002",https://kiis.com.ua/?lang=ukr&cat=reports&id=1639&page=1
P119,KIIS_REALISTIC_ENDING,12.09.2026–21.09.2026,2026-09,Лінія 24.02.2022,0.14,K1639,Таблиця 1,"Прогноз, а не бажаний сценарій. Версія питання та останньої опції відрізняється від 2024 року. Відмови окремо не опубліковані. База: Усі опитані; n=1002",https://kiis.com.ua/?lang=ukr&cat=reports&id=1639&page=1
P119,KIIS_REALISTIC_ENDING,12.09.2026–21.09.2026,2026-09,Донбас повністю,0.04,K1639,Таблиця 1,"Прогноз, а не бажаний сценарій. Версія питання та останньої опції відрізняється від 2024 року. Відмови окремо не опубліковані. База: Усі опитані; n=1002",https://kiis.com.ua/?lang=ukr&cat=reports&id=1639&page=1
P119,KIIS_REALISTIC_ENDING,12.09.2026–21.09.2026,2026-09,Кордони 1991 року,0.23,K1639,Таблиця 1,"Прогноз, а не бажаний сценарій. Версія питання та останньої опції відрізняється від 2024 року. Відмови окремо не опубліковані. База: Усі опитані; n=1002",https://kiis.com.ua/?lang=ukr&cat=reports&id=1639&page=1
P119,KIIS_REALISTIC_ENDING,12.09.2026–21.09.2026,2026-09,Бойові дії в Росії,0.12,K1639,Таблиця 1,"Прогноз, а не бажаний сценарій. Версія питання та останньої опції відрізняється від 2024 року. Відмови окремо не опубліковані. База: Усі опитані; n=1002",https://kiis.com.ua/?lang=ukr&cat=reports&id=1639&page=1
P119,KIIS_REALISTIC_ENDING,12.09.2026–21.09.2026,2026-09,Невизначені,0.06,K1639,Таблиця 1,"Прогноз, а не бажаний сценарій. Версія питання та останньої опції відрізняється від 2024 року. Відмови окремо не опубліковані. База: Усі опитані; n=1002",https://kiis.com.ua/?lang=ukr&cat=reports&id=1639&page=1
P124,KIIS_ALLOW_NEGOTIATIONS,02.2025,2025-02,Допускають,0.74,K1639,Графік 2,Опубліковані суми двох позитивних і двох негативних відповідей; не згода на поступки. База: Усі опитані відповідної історичної хвилі; n у джерелі не наведено,https://kiis.com.ua/?lang=ukr&cat=reports&id=1639&page=1
P124,KIIS_ALLOW_NEGOTIATIONS,02.2025,2025-02,Не допускають,0.19,K1639,Графік 2,Опубліковані суми двох позитивних і двох негативних відповідей; не згода на поступки. База: Усі опитані відповідної історичної хвилі; n у джерелі не наведено,https://kiis.com.ua/?lang=ukr&cat=reports&id=1639&page=1
P124,KIIS_ALLOW_NEGOTIATIONS,02.2025,2025-02,Невизначені,0.07,K1639,Графік 2,Опубліковані суми двох позитивних і двох негативних відповідей; не згода на поступки. База: Усі опитані відповідної історичної хвилі; n у джерелі не наведено,https://kiis.com.ua/?lang=ukr&cat=reports&id=1639&page=1
P119,KIIS_ALLOW_NEGOTIATIONS,12.09.2026–21.09.2026,2026-09,Допускають,0.75,K1639,Графік 2,Опубліковані суми двох позитивних і двох негативних відповідей; не згода на поступки. Відмови окремо не опубліковані. База: Усі опитані; n=1002,https://kiis.com.ua/?lang=ukr&cat=reports&id=1639&page=1
P119,KIIS_ALLOW_NEGOTIATIONS,12.09.2026–21.09.2026,2026-09,Не допускають,0.21,K1639,Графік 2,Опубліковані суми двох позитивних і двох негативних відповідей; не згода на поступки. Відмови окремо не опубліковані. База: Усі опитані; n=1002,https://kiis.com.ua/?lang=ukr&cat=reports&id=1639&page=1
P119,KIIS_ALLOW_NEGOTIATIONS,12.09.2026–21.09.2026,2026-09,Невизначені,0.04,K1639,Графік 2,Опубліковані суми двох позитивних і двох негативних відповідей; не згода на поступки. Відмови окремо не опубліковані. База: Усі опитані; n=1002,https://kiis.com.ua/?lang=ukr&cat=reports&id=1639&page=1
P120,KIIS_WAR_ENDURANCE,05.2022,2022-05,"Стільки, скільки потрібно",0.71,K1372,Графік 7,"У ряді декілька місяців і пів року зведені, як у ретроспективних графіках КМІС. Часовий горизонт не є мірою підтримки поступок. База цього питання у відповідній давній хвилі не встановлена; n загального омнібусу не підміняє її. База: База питання цієї історичної хвилі у звіреному релізі не наведена",https://www.kiis.com.ua/?cat=reports&id=1372&lang=ukr
P120,KIIS_WAR_ENDURANCE,05.2022,2022-05,Один рік,0.02,K1372,Графік 7,"У ряді декілька місяців і пів року зведені, як у ретроспективних графіках КМІС. Часовий горизонт не є мірою підтримки поступок. База цього питання у відповідній давній хвилі не встановлена; n загального омнібусу не підміняє її. База: База питання цієї історичної хвилі у звіреному релізі не наведена",https://www.kiis.com.ua/?cat=reports&id=1372&lang=ukr
P120,KIIS_WAR_ENDURANCE,05.2022,2022-05,Декілька місяців–пів року,0.18,K1372,Графік 7,"У ряді декілька місяців і пів року зведені, як у ретроспективних графіках КМІС. Часовий горизонт не є мірою підтримки поступок. База цього питання у відповідній давній хвилі не встановлена; n загального омнібусу не підміняє її. База: База питання цієї історичної хвилі у звіреному релізі не наведена",https://www.kiis.com.ua/?cat=reports&id=1372&lang=ukr
P120,KIIS_WAR_ENDURANCE,05.2022,2022-05,Невизначені,0.08,K1372,Графік 7,"У ряді декілька місяців і пів року зведені, як у ретроспективних графіках КМІС. Часовий горизонт не є мірою підтримки поступок. База цього питання у відповідній давній хвилі не встановлена; n загального омнібусу не підміняє її. База: База питання цієї історичної хвилі у звіреному релізі не наведена",https://www.kiis.com.ua/?cat=reports&id=1372&lang=ukr
P121,KIIS_WAR_ENDURANCE,12.2023,2023-12,"Стільки, скільки потрібно",0.73,K1372,Графік 7,"У ряді декілька місяців і пів року зведені, як у ретроспективних графіках КМІС. Часовий горизонт не є мірою підтримки поступок. База цього питання у відповідній давній хвилі не встановлена; n загального омнібусу не підміняє її. База: База питання цієї історичної хвилі у звіреному релізі не наведена",https://www.kiis.com.ua/?cat=reports&id=1372&lang=ukr
P121,KIIS_WAR_ENDURANCE,12.2023,2023-12,Один рік,0.02,K1372,Графік 7,"У ряді декілька місяців і пів року зведені, як у ретроспективних графіках КМІС. Часовий горизонт не є мірою підтримки поступок. База цього питання у відповідній давній хвилі не встановлена; n загального омнібусу не підміняє її. База: База питання цієї історичної хвилі у звіреному релізі не наведена",https://www.kiis.com.ua/?cat=reports&id=1372&lang=ukr
P121,KIIS_WAR_ENDURANCE,12.2023,2023-12,Декілька місяців–пів року,0.18,K1372,Графік 7,"У ряді декілька місяців і пів року зведені, як у ретроспективних графіках КМІС. Часовий горизонт не є мірою підтримки поступок. База цього питання у відповідній давній хвилі не встановлена; n загального омнібусу не підміняє її. База: База питання цієї історичної хвилі у звіреному релізі не наведена",https://www.kiis.com.ua/?cat=reports&id=1372&lang=ukr
P121,KIIS_WAR_ENDURANCE,12.2023,2023-12,Невизначені,0.07,K1372,Графік 7,"У ряді декілька місяців і пів року зведені, як у ретроспективних графіках КМІС. Часовий горизонт не є мірою підтримки поступок. База цього питання у відповідній давній хвилі не встановлена; n загального омнібусу не підміняє її. База: База питання цієї історичної хвилі у звіреному релізі не наведена",https://www.kiis.com.ua/?cat=reports&id=1372&lang=ukr
P122,KIIS_WAR_ENDURANCE,05.02.2024–10.02.2024,2024-02,"Стільки, скільки потрібно",0.73,K1372,Графік 7,"У ряді декілька місяців і пів року зведені, як у ретроспективних графіках КМІС. Часовий горизонт не є мірою підтримки поступок. База: База питання: n=1202",https://www.kiis.com.ua/?cat=reports&id=1372&lang=ukr
P122,KIIS_WAR_ENDURANCE,05.02.2024–10.02.2024,2024-02,Один рік,0.03,K1372,Графік 7,"У ряді декілька місяців і пів року зведені, як у ретроспективних графіках КМІС. Часовий горизонт не є мірою підтримки поступок. База: База питання: n=1202",https://www.kiis.com.ua/?cat=reports&id=1372&lang=ukr
P122,KIIS_WAR_ENDURANCE,05.02.2024–10.02.2024,2024-02,Декілька місяців–пів року,0.21,K1372,Графік 7,"У ряді декілька місяців і пів року зведені, як у ретроспективних графіках КМІС. Часовий горизонт не є мірою підтримки поступок. База: База питання: n=1202",https://www.kiis.com.ua/?cat=reports&id=1372&lang=ukr
P122,KIIS_WAR_ENDURANCE,05.02.2024–10.02.2024,2024-02,Невизначені,0.04,K1372,Графік 7,"У ряді декілька місяців і пів року зведені, як у ретроспективних графіках КМІС. Часовий горизонт не є мірою підтримки поступок. База: База питання: n=1202",https://www.kiis.com.ua/?cat=reports&id=1372&lang=ukr
P123,KIIS_WAR_ENDURANCE,05.2024,2024-05,"Стільки, скільки потрібно",0.72,K1534,Графік 1,"У ряді декілька місяців і пів року зведені, як у ретроспективних графіках КМІС. Часовий горизонт не є мірою підтримки поступок. База цього питання у відповідній давній хвилі не встановлена; n загального омнібусу не підміняє її. База: База питання цієї історичної хвилі у звіреному релізі не наведена",https://kiis.com.ua/?lang=ukr&cat=reports&id=1534
P123,KIIS_WAR_ENDURANCE,05.2024,2024-05,Один рік,0.05,K1534,Графік 1,"У ряді декілька місяців і пів року зведені, як у ретроспективних графіках КМІС. Часовий горизонт не є мірою підтримки поступок. База цього питання у відповідній давній хвилі не встановлена; n загального омнібусу не підміняє її. База: База питання цієї історичної хвилі у звіреному релізі не наведена",https://kiis.com.ua/?lang=ukr&cat=reports&id=1534
P123,KIIS_WAR_ENDURANCE,05.2024,2024-05,Декілька місяців–пів року,0.12,K1534,Графік 1,"У ряді декілька місяців і пів року зведені, як у ретроспективних графіках КМІС. Часовий горизонт не є мірою підтримки поступок. База цього питання у відповідній давній хвилі не встановлена; n загального омнібусу не підміняє її. База: База питання цієї історичної хвилі у звіреному релізі не наведена",https://kiis.com.ua/?lang=ukr&cat=reports&id=1534
P123,KIIS_WAR_ENDURANCE,05.2024,2024-05,Невизначені,0.11,K1534,Графік 1,"У ряді декілька місяців і пів року зведені, як у ретроспективних графіках КМІС. Часовий горизонт не є мірою підтримки поступок. База цього питання у відповідній давній хвилі не встановлена; n загального омнібусу не підміняє її. База: База питання цієї історичної хвилі у звіреному релізі не наведена",https://kiis.com.ua/?lang=ukr&cat=reports&id=1534
P28,KIIS_WAR_ENDURANCE,20.09.2024–03.10.2024,2024-10,"Стільки, скільки потрібно",0.63,K1445,Графік 4,"У ряді декілька місяців і пів року зведені, як у ретроспективних графіках КМІС. Часовий горизонт не є мірою підтримки поступок. База: База питання: n=989",https://kiis.com.ua/?lang=ukr&cat=reports&id=1445
P28,KIIS_WAR_ENDURANCE,20.09.2024–03.10.2024,2024-10,Один рік,0.06,K1445,Графік 4,"У ряді декілька місяців і пів року зведені, як у ретроспективних графіках КМІС. Часовий горизонт не є мірою підтримки поступок. База: База питання: n=989",https://kiis.com.ua/?lang=ukr&cat=reports&id=1445
P28,KIIS_WAR_ENDURANCE,20.09.2024–03.10.2024,2024-10,Декілька місяців–пів року,0.19,K1445,Графік 4,"У ряді декілька місяців і пів року зведені, як у ретроспективних графіках КМІС. Часовий горизонт не є мірою підтримки поступок. База: База питання: n=989",https://kiis.com.ua/?lang=ukr&cat=reports&id=1445
P28,KIIS_WAR_ENDURANCE,20.09.2024–03.10.2024,2024-10,Невизначені,0.12,K1445,Графік 4,"У ряді декілька місяців і пів року зведені, як у ретроспективних графіках КМІС. Часовий горизонт не є мірою підтримки поступок. База: База питання: n=989",https://kiis.com.ua/?lang=ukr&cat=reports&id=1445
P29,KIIS_WAR_ENDURANCE,02.12.2024–17.12.2024,2024-12,"Стільки, скільки потрібно",0.57,K1464,Графік 1,"У ряді декілька місяців і пів року зведені, як у ретроспективних графіках КМІС. Часовий горизонт не є мірою підтримки поступок. База: База питання: n=985",https://kiis.com.ua/?lang=ukr&cat=reports&id=1464
P29,KIIS_WAR_ENDURANCE,02.12.2024–17.12.2024,2024-12,Один рік,0.03,K1464,Графік 1,"У ряді декілька місяців і пів року зведені, як у ретроспективних графіках КМІС. Часовий горизонт не є мірою підтримки поступок. База: База питання: n=985",https://kiis.com.ua/?lang=ukr&cat=reports&id=1464
P29,KIIS_WAR_ENDURANCE,02.12.2024–17.12.2024,2024-12,Декілька місяців–пів року,0.21,K1464,Графік 1,"У ряді декілька місяців і пів року зведені, як у ретроспективних графіках КМІС. Часовий горизонт не є мірою підтримки поступок. База: База питання: n=985",https://kiis.com.ua/?lang=ukr&cat=reports&id=1464
P29,KIIS_WAR_ENDURANCE,02.12.2024–17.12.2024,2024-12,Невизначені,0.18,K1464,Графік 1,"У ряді декілька місяців і пів року зведені, як у ретроспективних графіках КМІС. Часовий горизонт не є мірою підтримки поступок. База: База питання: n=985",https://kiis.com.ua/?lang=ukr&cat=reports&id=1464
P125,KIIS_WAR_ENDURANCE,02.2025,2025-02,"Стільки, скільки потрібно",0.57,K1534,Графік 1,"У ряді декілька місяців і пів року зведені, як у ретроспективних графіках КМІС. Часовий горизонт не є мірою підтримки поступок. База цього питання у відповідній давній хвилі не встановлена; n загального омнібусу не підміняє її. База: База питання цієї історичної хвилі у звіреному релізі не наведена",https://kiis.com.ua/?lang=ukr&cat=reports&id=1534
P125,KIIS_WAR_ENDURANCE,02.2025,2025-02,Один рік,0.04,K1534,Графік 1,"У ряді декілька місяців і пів року зведені, як у ретроспективних графіках КМІС. Часовий горизонт не є мірою підтримки поступок. База цього питання у відповідній давній хвилі не встановлена; n загального омнібусу не підміняє її. База: База питання цієї історичної хвилі у звіреному релізі не наведена",https://kiis.com.ua/?lang=ukr&cat=reports&id=1534
P125,KIIS_WAR_ENDURANCE,02.2025,2025-02,Декілька місяців–пів року,0.24,K1534,Графік 1,"У ряді декілька місяців і пів року зведені, як у ретроспективних графіках КМІС. Часовий горизонт не є мірою підтримки поступок. База цього питання у відповідній давній хвилі не встановлена; n загального омнібусу не підміняє її. База: База питання цієї історичної хвилі у звіреному релізі не наведена",https://kiis.com.ua/?lang=ukr&cat=reports&id=1534
P125,KIIS_WAR_ENDURANCE,02.2025,2025-02,Невизначені,0.15,K1534,Графік 1,"У ряді декілька місяців і пів року зведені, як у ретроспективних графіках КМІС. Часовий горизонт не є мірою підтримки поступок. База цього питання у відповідній давній хвилі не встановлена; n загального омнібусу не підміняє її. База: База питання цієї історичної хвилі у звіреному релізі не наведена",https://kiis.com.ua/?lang=ukr&cat=reports&id=1534
P126,KIIS_WAR_ENDURANCE,03.2025,2025-03,"Стільки, скільки потрібно",0.54,K1534,Графік 1,"У ряді декілька місяців і пів року зведені, як у ретроспективних графіках КМІС. Часовий горизонт не є мірою підтримки поступок. База цього питання у відповідній давній хвилі не встановлена; n загального омнібусу не підміняє її. База: База питання цієї історичної хвилі у звіреному релізі не наведена",https://kiis.com.ua/?lang=ukr&cat=reports&id=1534
P126,KIIS_WAR_ENDURANCE,03.2025,2025-03,Один рік,0.03,K1534,Графік 1,"У ряді декілька місяців і пів року зведені, як у ретроспективних графіках КМІС. Часовий горизонт не є мірою підтримки поступок. База цього питання у відповідній давній хвилі не встановлена; n загального омнібусу не підміняє її. База: База питання цієї історичної хвилі у звіреному релізі не наведена",https://kiis.com.ua/?lang=ukr&cat=reports&id=1534
P126,KIIS_WAR_ENDURANCE,03.2025,2025-03,Декілька місяців–пів року,0.24,K1534,Графік 1,"У ряді декілька місяців і пів року зведені, як у ретроспективних графіках КМІС. Часовий горизонт не є мірою підтримки поступок. База цього питання у відповідній давній хвилі не встановлена; n загального омнібусу не підміняє її. База: База питання цієї історичної хвилі у звіреному релізі не наведена",https://kiis.com.ua/?lang=ukr&cat=reports&id=1534
P126,KIIS_WAR_ENDURANCE,03.2025,2025-03,Невизначені,0.18,K1534,Графік 1,"У ряді декілька місяців і пів року зведені, як у ретроспективних графіках КМІС. Часовий горизонт не є мірою підтримки поступок. База цього питання у відповідній давній хвилі не встановлена; n загального омнібусу не підміняє її. База: База питання цієї історичної хвилі у звіреному релізі не наведена",https://kiis.com.ua/?lang=ukr&cat=reports&id=1534
P31,KIIS_WAR_ENDURANCE,15.05.2025–03.06.2025,2025-06,"Стільки, скільки потрібно",0.6,K1534,Графік 1,"У ряді декілька місяців і пів року зведені, як у ретроспективних графіках КМІС. Часовий горизонт не є мірою підтримки поступок. База: База питання: n=1011",https://kiis.com.ua/?lang=ukr&cat=reports&id=1534
P31,KIIS_WAR_ENDURANCE,15.05.2025–03.06.2025,2025-06,Один рік,0.06,K1534,Графік 1,"У ряді декілька місяців і пів року зведені, як у ретроспективних графіках КМІС. Часовий горизонт не є мірою підтримки поступок. База: База питання: n=1011",https://kiis.com.ua/?lang=ukr&cat=reports&id=1534
P31,KIIS_WAR_ENDURANCE,15.05.2025–03.06.2025,2025-06,Декілька місяців–пів року,0.2,K1534,Графік 1,"У ряді декілька місяців і пів року зведені, як у ретроспективних графіках КМІС. Часовий горизонт не є мірою підтримки поступок. База: База питання: n=1011",https://kiis.com.ua/?lang=ukr&cat=reports&id=1534
P31,KIIS_WAR_ENDURANCE,15.05.2025–03.06.2025,2025-06,Невизначені,0.14,K1534,Графік 1,"У ряді декілька місяців і пів року зведені, як у ретроспективних графіках КМІС. Часовий горизонт не є мірою підтримки поступок. База: База питання: n=1011",https://kiis.com.ua/?lang=ukr&cat=reports&id=1534
P47,KIIS_WAR_ENDURANCE,02.09.2025–14.09.2025,2025-09,"Стільки, скільки потрібно",0.62,K1551,Графік 6; Додаток 1,"У ряді декілька місяців і пів року зведені, як у ретроспективних графіках КМІС. Часовий горизонт не є мірою підтримки поступок. База: База питання: n=1023",https://www.kiis.com.ua/?cat=reports&id=1551&lang=ukr
P47,KIIS_WAR_ENDURANCE,02.09.2025–14.09.2025,2025-09,Один рік,0.04,K1551,Графік 6; Додаток 1,"У ряді декілька місяців і пів року зведені, як у ретроспективних графіках КМІС. Часовий горизонт не є мірою підтримки поступок. База: База питання: n=1023",https://www.kiis.com.ua/?cat=reports&id=1551&lang=ukr
P47,KIIS_WAR_ENDURANCE,02.09.2025–14.09.2025,2025-09,Декілька місяців–пів року,0.21,K1551,Графік 6; Додаток 1,"У ряді декілька місяців і пів року зведені, як у ретроспективних графіках КМІС. Часовий горизонт не є мірою підтримки поступок. База: База питання: n=1023",https://www.kiis.com.ua/?cat=reports&id=1551&lang=ukr
P47,KIIS_WAR_ENDURANCE,02.09.2025–14.09.2025,2025-09,Невизначені,0.13,K1551,Графік 6; Додаток 1,"У ряді декілька місяців і пів року зведені, як у ретроспективних графіках КМІС. Часовий горизонт не є мірою підтримки поступок. База: База питання: n=1023",https://www.kiis.com.ua/?cat=reports&id=1551&lang=ukr
P48,KIIS_WAR_ENDURANCE,26.11.2025–29.12.2025,2025-12,"Стільки, скільки потрібно",0.62,K1572,Графік 5; Додаток 1,"У ряді декілька місяців і пів року зведені, як у ретроспективних графіках КМІС. Часовий горизонт не є мірою підтримки поступок. Використано повну грудневу вибірку; попередній перекривний зріз n=547 з релізу 1569 не додано окремою точкою. База: База питання: n=1001",https://www.kiis.com.ua/?cat=reports&id=1572&lang=ukr
P48,KIIS_WAR_ENDURANCE,26.11.2025–29.12.2025,2025-12,Один рік,0.03,K1572,Графік 5; Додаток 1,"У ряді декілька місяців і пів року зведені, як у ретроспективних графіках КМІС. Часовий горизонт не є мірою підтримки поступок. Використано повну грудневу вибірку; попередній перекривний зріз n=547 з релізу 1569 не додано окремою точкою. База: База питання: n=1001",https://www.kiis.com.ua/?cat=reports&id=1572&lang=ukr
P48,KIIS_WAR_ENDURANCE,26.11.2025–29.12.2025,2025-12,Декілька місяців–пів року,0.14,K1572,Графік 5; Додаток 1,"У ряді декілька місяців і пів року зведені, як у ретроспективних графіках КМІС. Часовий горизонт не є мірою підтримки поступок. Використано повну грудневу вибірку; попередній перекривний зріз n=547 з релізу 1569 не додано окремою точкою. База: База питання: n=1001",https://www.kiis.com.ua/?cat=reports&id=1572&lang=ukr
P48,KIIS_WAR_ENDURANCE,26.11.2025–29.12.2025,2025-12,Невизначені,0.21,K1572,Графік 5; Додаток 1,"У ряді декілька місяців і пів року зведені, як у ретроспективних графіках КМІС. Часовий горизонт не є мірою підтримки поступок. Використано повну грудневу вибірку; попередній перекривний зріз n=547 з релізу 1569 не додано окремою точкою. База: База питання: n=1001",https://www.kiis.com.ua/?cat=reports&id=1572&lang=ukr
P50,KIIS_WAR_ENDURANCE,23.01.2026–29.01.2026,2026-01,"Стільки, скільки потрібно",0.65,K1583,Графік 4,"У ряді декілька місяців і пів року зведені, як у ретроспективних графіках КМІС. Часовий горизонт не є мірою підтримки поступок. База: База питання: n=1003",https://www.kiis.com.ua/?cat=reports&id=1583&lang=ukr
P50,KIIS_WAR_ENDURANCE,23.01.2026–29.01.2026,2026-01,Один рік,0.03,K1583,Графік 4,"У ряді декілька місяців і пів року зведені, як у ретроспективних графіках КМІС. Часовий горизонт не є мірою підтримки поступок. База: База питання: n=1003",https://www.kiis.com.ua/?cat=reports&id=1583&lang=ukr
P50,KIIS_WAR_ENDURANCE,23.01.2026–29.01.2026,2026-01,Декілька місяців–пів року,0.17,K1583,Графік 4,"У ряді декілька місяців і пів року зведені, як у ретроспективних графіках КМІС. Часовий горизонт не є мірою підтримки поступок. База: База питання: n=1003",https://www.kiis.com.ua/?cat=reports&id=1583&lang=ukr
P50,KIIS_WAR_ENDURANCE,23.01.2026–29.01.2026,2026-01,Невизначені,0.15,K1583,Графік 4,"У ряді декілька місяців і пів року зведені, як у ретроспективних графіках КМІС. Часовий горизонт не є мірою підтримки поступок. База: База питання: n=1003",https://www.kiis.com.ua/?cat=reports&id=1583&lang=ukr
P01,KIIS_WAR_ENDURANCE,12.02.2026–24.02.2026,2026-02,"Стільки, скільки потрібно",0.52,K1597,"Графік 3, точка «Лют.26»","У ряді декілька місяців і пів року зведені, як у ретроспективних графіках КМІС. Часовий горизонт не є мірою підтримки поступок. База цього питання у відповідній давній хвилі не встановлена; n загального омнібусу не підміняє її. База: База питання цієї історичної хвилі у звіреному релізі не наведена",https://www.kiis.com.ua/?cat=reports&id=1597&lang=ukr
P01,KIIS_WAR_ENDURANCE,12.02.2026–24.02.2026,2026-02,Один рік,0.04,K1597,"Графік 3, точка «Лют.26»","У ряді декілька місяців і пів року зведені, як у ретроспективних графіках КМІС. Часовий горизонт не є мірою підтримки поступок. База цього питання у відповідній давній хвилі не встановлена; n загального омнібусу не підміняє її. База: База питання цієї історичної хвилі у звіреному релізі не наведена",https://www.kiis.com.ua/?cat=reports&id=1597&lang=ukr
P01,KIIS_WAR_ENDURANCE,12.02.2026–24.02.2026,2026-02,Декілька місяців–пів року,0.26,K1597,"Графік 3, точка «Лют.26»","У ряді декілька місяців і пів року зведені, як у ретроспективних графіках КМІС. Часовий горизонт не є мірою підтримки поступок. База цього питання у відповідній давній хвилі не встановлена; n загального омнібусу не підміняє її. База: База питання цієї історичної хвилі у звіреному релізі не наведена",https://www.kiis.com.ua/?cat=reports&id=1597&lang=ukr
P01,KIIS_WAR_ENDURANCE,12.02.2026–24.02.2026,2026-02,Невизначені,0.18,K1597,"Графік 3, точка «Лют.26»","У ряді декілька місяців і пів року зведені, як у ретроспективних графіках КМІС. Часовий горизонт не є мірою підтримки поступок. База цього питання у відповідній давній хвилі не встановлена; n загального омнібусу не підміняє її. База: База питання цієї історичної хвилі у звіреному релізі не наведена",https://www.kiis.com.ua/?cat=reports&id=1597&lang=ukr
P51,KIIS_WAR_ENDURANCE,01.03.2026–08.03.2026,2026-03,"Стільки, скільки потрібно",0.54,K1597,Графік 3; Додаток 1,"У ряді декілька місяців і пів року зведені, як у ретроспективних графіках КМІС. Часовий горизонт не є мірою підтримки поступок. База: База питання: n=1003",https://www.kiis.com.ua/?cat=reports&id=1597&lang=ukr
P51,KIIS_WAR_ENDURANCE,01.03.2026–08.03.2026,2026-03,Один рік,0.03,K1597,Графік 3; Додаток 1,"У ряді декілька місяців і пів року зведені, як у ретроспективних графіках КМІС. Часовий горизонт не є мірою підтримки поступок. База: База питання: n=1003",https://www.kiis.com.ua/?cat=reports&id=1597&lang=ukr
P51,KIIS_WAR_ENDURANCE,01.03.2026–08.03.2026,2026-03,Декілька місяців–пів року,0.28,K1597,Графік 3; Додаток 1,"У ряді декілька місяців і пів року зведені, як у ретроспективних графіках КМІС. Часовий горизонт не є мірою підтримки поступок. База: База питання: n=1003",https://www.kiis.com.ua/?cat=reports&id=1597&lang=ukr
P51,KIIS_WAR_ENDURANCE,01.03.2026–08.03.2026,2026-03,Невизначені,0.16,K1597,Графік 3; Додаток 1,"У ряді декілька місяців і пів року зведені, як у ретроспективних графіках КМІС. Часовий горизонт не є мірою підтримки поступок. База: База питання: n=1003",https://www.kiis.com.ua/?cat=reports&id=1597&lang=ukr
P52,KIIS_WAR_ENDURANCE,20.04.2026–27.04.2026,2026-04,"Стільки, скільки потрібно",0.48,K1608,Графік 4; Додаток 1,"У ряді декілька місяців і пів року зведені, як у ретроспективних графіках КМІС. Часовий горизонт не є мірою підтримки поступок. База: База питання: n=1005",https://www.kiis.com.ua/?cat=reports&id=1608&lang=ukr
P52,KIIS_WAR_ENDURANCE,20.04.2026–27.04.2026,2026-04,Один рік,0.04,K1608,Графік 4; Додаток 1,"У ряді декілька місяців і пів року зведені, як у ретроспективних графіках КМІС. Часовий горизонт не є мірою підтримки поступок. База: База питання: n=1005",https://www.kiis.com.ua/?cat=reports&id=1608&lang=ukr
P52,KIIS_WAR_ENDURANCE,20.04.2026–27.04.2026,2026-04,Декілька місяців–пів року,0.29,K1608,Графік 4; Додаток 1,"У ряді декілька місяців і пів року зведені, як у ретроспективних графіках КМІС. Часовий горизонт не є мірою підтримки поступок. База: База питання: n=1005",https://www.kiis.com.ua/?cat=reports&id=1608&lang=ukr
P52,KIIS_WAR_ENDURANCE,20.04.2026–27.04.2026,2026-04,Невизначені,0.19,K1608,Графік 4; Додаток 1,"У ряді декілька місяців і пів року зведені, як у ретроспективних графіках КМІС. Часовий горизонт не є мірою підтримки поступок. База: База питання: n=1005",https://www.kiis.com.ua/?cat=reports&id=1608&lang=ukr
P02,KIIS_WAR_ENDURANCE,20.07.2026–03.08.2026,2026-08,"Стільки, скільки потрібно",0.61,K2,Графік 5,"У ряді декілька місяців і пів року зведені, як у ретроспективних графіках КМІС. Часовий горизонт не є мірою підтримки поступок. База: База питання: n=974",https://www.kiis.com.ua/?cat=reports&id=1626&lang=ukr&page=1
P02,KIIS_WAR_ENDURANCE,20.07.2026–03.08.2026,2026-08,Один рік,0.05,K2,Графік 5,"У ряді декілька місяців і пів року зведені, як у ретроспективних графіках КМІС. Часовий горизонт не є мірою підтримки поступок. База: База питання: n=974",https://www.kiis.com.ua/?cat=reports&id=1626&lang=ukr&page=1
P02,KIIS_WAR_ENDURANCE,20.07.2026–03.08.2026,2026-08,Декілька місяців–пів року,0.2,K2,Графік 5,"У ряді декілька місяців і пів року зведені, як у ретроспективних графіках КМІС. Часовий горизонт не є мірою підтримки поступок. База: База питання: n=974",https://www.kiis.com.ua/?cat=reports&id=1626&lang=ukr&page=1
P02,KIIS_WAR_ENDURANCE,20.07.2026–03.08.2026,2026-08,Невизначені,0.15,K2,Графік 5,"У ряді декілька місяців і пів року зведені, як у ретроспективних графіках КМІС. Часовий горизонт не є мірою підтримки поступок. База: База питання: n=974",https://www.kiis.com.ua/?cat=reports&id=1626&lang=ukr&page=1
P119,KIIS_WAR_ENDURANCE,12.09.2026–21.09.2026,2026-09,"Стільки, скільки потрібно",0.62,K1639,Графік 4,"У ряді декілька місяців і пів року зведені, як у ретроспективних графіках КМІС. Часовий горизонт не є мірою підтримки поступок. База: База питання: n=1002",https://kiis.com.ua/?lang=ukr&cat=reports&id=1639&page=1
P119,KIIS_WAR_ENDURANCE,12.09.2026–21.09.2026,2026-09,Один рік,0.04,K1639,Графік 4,"У ряді декілька місяців і пів року зведені, як у ретроспективних графіках КМІС. Часовий горизонт не є мірою підтримки поступок. База: База питання: n=1002",https://kiis.com.ua/?lang=ukr&cat=reports&id=1639&page=1
P119,KIIS_WAR_ENDURANCE,12.09.2026–21.09.2026,2026-09,Декілька місяців–пів року,0.23,K1639,Графік 4,"У ряді декілька місяців і пів року зведені, як у ретроспективних графіках КМІС. Часовий горизонт не є мірою підтримки поступок. База: База питання: n=1002",https://kiis.com.ua/?lang=ukr&cat=reports&id=1639&page=1
P119,KIIS_WAR_ENDURANCE,12.09.2026–21.09.2026,2026-09,Невизначені,0.11,K1639,Графік 4,"У ряді декілька місяців і пів року зведені, як у ретроспективних графіках КМІС. Часовий горизонт не є мірою підтримки поступок. База: База питання: n=1002",https://kiis.com.ua/?lang=ukr&cat=reports&id=1639&page=1
P45,KIIS_PACKAGE_RUSSIA_MAY_2025,02.05.2025–12.05.2025,2025-05-12,Легко,0.02,K1530,Графік 1,"Відтворено всі категорії оригінального графіка. Округлення збережено; суми можуть відрізнятися від 100%. «Важко сказати» — підпис у публікації; якщо відмови не показані окремо, їхню частку не визначено. ",https://www.kiis.com.ua/?cat=reports&id=1530&lang=ukr
P45,KIIS_PACKAGE_RUSSIA_MAY_2025,02.05.2025–12.05.2025,2025-05-12,"Важко, але прийнятно",0.08,K1530,Графік 1,"Відтворено всі категорії оригінального графіка. Округлення збережено; суми можуть відрізнятися від 100%. «Важко сказати» — підпис у публікації; якщо відмови не показані окремо, їхню частку не визначено. ",https://www.kiis.com.ua/?cat=reports&id=1530&lang=ukr
P45,KIIS_PACKAGE_RUSSIA_MAY_2025,02.05.2025–12.05.2025,2025-05-12,Неприйнятно,0.82,K1530,Графік 1,"Відтворено всі категорії оригінального графіка. Округлення збережено; суми можуть відрізнятися від 100%. «Важко сказати» — підпис у публікації; якщо відмови не показані окремо, їхню частку не визначено. ",https://www.kiis.com.ua/?cat=reports&id=1530&lang=ukr
P45,KIIS_PACKAGE_RUSSIA_MAY_2025,02.05.2025–12.05.2025,2025-05-12,Невизначені,0.08,K1530,Графік 1,"Відтворено всі категорії оригінального графіка. Округлення збережено; суми можуть відрізнятися від 100%. «Важко сказати» — підпис у публікації; якщо відмови не показані окремо, їхню частку не визначено. ",https://www.kiis.com.ua/?cat=reports&id=1530&lang=ukr
P46,KIIS_PACKAGE_RUSSIA_MAY_2025,23.07.2025–04.08.2025,2025-08-04,Легко,0.05,K1543,Графік 1,"Відтворено всі категорії оригінального графіка. Округлення збережено; суми можуть відрізнятися від 100%. «Важко сказати» — підпис у публікації; якщо відмови не показані окремо, їхню частку не визначено. У K1543 проза дає 30% неприйняття пакета Європи/України, а графік — 35%; використано 35% із графіка. Травневі 61% і 40% взято з первинного K1530; у прозі K1543 помилково наведено 62% і 35%, але його ретроспективний графік повторює 61% і 40%.",https://www.kiis.com.ua/?cat=reports&id=1543&lang=ukr
P46,KIIS_PACKAGE_RUSSIA_MAY_2025,23.07.2025–04.08.2025,2025-08-04,"Важко, але прийнятно",0.12,K1543,Графік 1,"Відтворено всі категорії оригінального графіка. Округлення збережено; суми можуть відрізнятися від 100%. «Важко сказати» — підпис у публікації; якщо відмови не показані окремо, їхню частку не визначено. У K1543 проза дає 30% неприйняття пакета Європи/України, а графік — 35%; використано 35% із графіка. Травневі 61% і 40% взято з первинного K1530; у прозі K1543 помилково наведено 62% і 35%, але його ретроспективний графік повторює 61% і 40%.",https://www.kiis.com.ua/?cat=reports&id=1543&lang=ukr
P46,KIIS_PACKAGE_RUSSIA_MAY_2025,23.07.2025–04.08.2025,2025-08-04,Неприйнятно,0.76,K1543,Графік 1,"Відтворено всі категорії оригінального графіка. Округлення збережено; суми можуть відрізнятися від 100%. «Важко сказати» — підпис у публікації; якщо відмови не показані окремо, їхню частку не визначено. У K1543 проза дає 30% неприйняття пакета Європи/України, а графік — 35%; використано 35% із графіка. Травневі 61% і 40% взято з первинного K1530; у прозі K1543 помилково наведено 62% і 35%, але його ретроспективний графік повторює 61% і 40%.",https://www.kiis.com.ua/?cat=reports&id=1543&lang=ukr
P46,KIIS_PACKAGE_RUSSIA_MAY_2025,23.07.2025–04.08.2025,2025-08-04,Невизначені,0.07,K1543,Графік 1,"Відтворено всі категорії оригінального графіка. Округлення збережено; суми можуть відрізнятися від 100%. «Важко сказати» — підпис у публікації; якщо відмови не показані окремо, їхню частку не визначено. У K1543 проза дає 30% неприйняття пакета Європи/України, а графік — 35%; використано 35% із графіка. Травневі 61% і 40% взято з первинного K1530; у прозі K1543 помилково наведено 62% і 35%, але його ретроспективний графік повторює 61% і 40%.",https://www.kiis.com.ua/?cat=reports&id=1543&lang=ukr
P45,KIIS_PACKAGE_USA_MAY_2025,02.05.2025–12.05.2025,2025-05-12,Легко,0.04,K1530,Графік 1,"Відтворено всі категорії оригінального графіка. Округлення збережено; суми можуть відрізнятися від 100%. «Важко сказати» — підпис у публікації; якщо відмови не показані окремо, їхню частку не визначено. ",https://www.kiis.com.ua/?cat=reports&id=1530&lang=ukr
P45,KIIS_PACKAGE_USA_MAY_2025,02.05.2025–12.05.2025,2025-05-12,"Важко, але прийнятно",0.25,K1530,Графік 1,"Відтворено всі категорії оригінального графіка. Округлення збережено; суми можуть відрізнятися від 100%. «Важко сказати» — підпис у публікації; якщо відмови не показані окремо, їхню частку не визначено. ",https://www.kiis.com.ua/?cat=reports&id=1530&lang=ukr
P45,KIIS_PACKAGE_USA_MAY_2025,02.05.2025–12.05.2025,2025-05-12,Неприйнятно,0.61,K1530,Графік 1,"Відтворено всі категорії оригінального графіка. Округлення збережено; суми можуть відрізнятися від 100%. «Важко сказати» — підпис у публікації; якщо відмови не показані окремо, їхню частку не визначено. ",https://www.kiis.com.ua/?cat=reports&id=1530&lang=ukr
P45,KIIS_PACKAGE_USA_MAY_2025,02.05.2025–12.05.2025,2025-05-12,Невизначені,0.11,K1530,Графік 1,"Відтворено всі категорії оригінального графіка. Округлення збережено; суми можуть відрізнятися від 100%. «Важко сказати» — підпис у публікації; якщо відмови не показані окремо, їхню частку не визначено. ",https://www.kiis.com.ua/?cat=reports&id=1530&lang=ukr
P46,KIIS_PACKAGE_USA_MAY_2025,23.07.2025–04.08.2025,2025-08-04,Легко,0.07,K1543,Графік 1,"Відтворено всі категорії оригінального графіка. Округлення збережено; суми можуть відрізнятися від 100%. «Важко сказати» — підпис у публікації; якщо відмови не показані окремо, їхню частку не визначено. У K1543 проза дає 30% неприйняття пакета Європи/України, а графік — 35%; використано 35% із графіка. Травневі 61% і 40% взято з первинного K1530; у прозі K1543 помилково наведено 62% і 35%, але його ретроспективний графік повторює 61% і 40%.",https://www.kiis.com.ua/?cat=reports&id=1543&lang=ukr
P46,KIIS_PACKAGE_USA_MAY_2025,23.07.2025–04.08.2025,2025-08-04,"Важко, але прийнятно",0.32,K1543,Графік 1,"Відтворено всі категорії оригінального графіка. Округлення збережено; суми можуть відрізнятися від 100%. «Важко сказати» — підпис у публікації; якщо відмови не показані окремо, їхню частку не визначено. У K1543 проза дає 30% неприйняття пакета Європи/України, а графік — 35%; використано 35% із графіка. Травневі 61% і 40% взято з первинного K1530; у прозі K1543 помилково наведено 62% і 35%, але його ретроспективний графік повторює 61% і 40%.",https://www.kiis.com.ua/?cat=reports&id=1543&lang=ukr
P46,KIIS_PACKAGE_USA_MAY_2025,23.07.2025–04.08.2025,2025-08-04,Неприйнятно,0.49,K1543,Графік 1,"Відтворено всі категорії оригінального графіка. Округлення збережено; суми можуть відрізнятися від 100%. «Важко сказати» — підпис у публікації; якщо відмови не показані окремо, їхню частку не визначено. У K1543 проза дає 30% неприйняття пакета Європи/України, а графік — 35%; використано 35% із графіка. Травневі 61% і 40% взято з первинного K1530; у прозі K1543 помилково наведено 62% і 35%, але його ретроспективний графік повторює 61% і 40%.",https://www.kiis.com.ua/?cat=reports&id=1543&lang=ukr
P46,KIIS_PACKAGE_USA_MAY_2025,23.07.2025–04.08.2025,2025-08-04,Невизначені,0.12,K1543,Графік 1,"Відтворено всі категорії оригінального графіка. Округлення збережено; суми можуть відрізнятися від 100%. «Важко сказати» — підпис у публікації; якщо відмови не показані окремо, їхню частку не визначено. У K1543 проза дає 30% неприйняття пакета Європи/України, а графік — 35%; використано 35% із графіка. Травневі 61% і 40% взято з первинного K1530; у прозі K1543 помилково наведено 62% і 35%, але його ретроспективний графік повторює 61% і 40%.",https://www.kiis.com.ua/?cat=reports&id=1543&lang=ukr
P45,KIIS_PACKAGE_EUROPE_MAY_2025,02.05.2025–12.05.2025,2025-05-12,Легко,0.12,K1530,Графік 1,"Відтворено всі категорії оригінального графіка. Округлення збережено; суми можуть відрізнятися від 100%. «Важко сказати» — підпис у публікації; якщо відмови не показані окремо, їхню частку не визначено. ",https://www.kiis.com.ua/?cat=reports&id=1530&lang=ukr
P45,KIIS_PACKAGE_EUROPE_MAY_2025,02.05.2025–12.05.2025,2025-05-12,"Важко, але прийнятно",0.39,K1530,Графік 1,"Відтворено всі категорії оригінального графіка. Округлення збережено; суми можуть відрізнятися від 100%. «Важко сказати» — підпис у публікації; якщо відмови не показані окремо, їхню частку не визначено. ",https://www.kiis.com.ua/?cat=reports&id=1530&lang=ukr
P45,KIIS_PACKAGE_EUROPE_MAY_2025,02.05.2025–12.05.2025,2025-05-12,Неприйнятно,0.4,K1530,Графік 1,"Відтворено всі категорії оригінального графіка. Округлення збережено; суми можуть відрізнятися від 100%. «Важко сказати» — підпис у публікації; якщо відмови не показані окремо, їхню частку не визначено. ",https://www.kiis.com.ua/?cat=reports&id=1530&lang=ukr
P45,KIIS_PACKAGE_EUROPE_MAY_2025,02.05.2025–12.05.2025,2025-05-12,Невизначені,0.1,K1530,Графік 1,"Відтворено всі категорії оригінального графіка. Округлення збережено; суми можуть відрізнятися від 100%. «Важко сказати» — підпис у публікації; якщо відмови не показані окремо, їхню частку не визначено. ",https://www.kiis.com.ua/?cat=reports&id=1530&lang=ukr
P46,KIIS_PACKAGE_EUROPE_MAY_2025,23.07.2025–04.08.2025,2025-08-04,Легко,0.1,K1543,Графік 1,"Відтворено всі категорії оригінального графіка. Округлення збережено; суми можуть відрізнятися від 100%. «Важко сказати» — підпис у публікації; якщо відмови не показані окремо, їхню частку не визначено. У K1543 проза дає 30% неприйняття пакета Європи/України, а графік — 35%; використано 35% із графіка. Травневі 61% і 40% взято з первинного K1530; у прозі K1543 помилково наведено 62% і 35%, але його ретроспективний графік повторює 61% і 40%.",https://www.kiis.com.ua/?cat=reports&id=1543&lang=ukr
P46,KIIS_PACKAGE_EUROPE_MAY_2025,23.07.2025–04.08.2025,2025-08-04,"Важко, але прийнятно",0.44,K1543,Графік 1,"Відтворено всі категорії оригінального графіка. Округлення збережено; суми можуть відрізнятися від 100%. «Важко сказати» — підпис у публікації; якщо відмови не показані окремо, їхню частку не визначено. У K1543 проза дає 30% неприйняття пакета Європи/України, а графік — 35%; використано 35% із графіка. Травневі 61% і 40% взято з первинного K1530; у прозі K1543 помилково наведено 62% і 35%, але його ретроспективний графік повторює 61% і 40%.",https://www.kiis.com.ua/?cat=reports&id=1543&lang=ukr
P46,KIIS_PACKAGE_EUROPE_MAY_2025,23.07.2025–04.08.2025,2025-08-04,Неприйнятно,0.35,K1543,Графік 1,"Відтворено всі категорії оригінального графіка. Округлення збережено; суми можуть відрізнятися від 100%. «Важко сказати» — підпис у публікації; якщо відмови не показані окремо, їхню частку не визначено. У K1543 проза дає 30% неприйняття пакета Європи/України, а графік — 35%; використано 35% із графіка. Травневі 61% і 40% взято з первинного K1530; у прозі K1543 помилково наведено 62% і 35%, але його ретроспективний графік повторює 61% і 40%.",https://www.kiis.com.ua/?cat=reports&id=1543&lang=ukr
P46,KIIS_PACKAGE_EUROPE_MAY_2025,23.07.2025–04.08.2025,2025-08-04,Невизначені,0.1,K1543,Графік 1,"Відтворено всі категорії оригінального графіка. Округлення збережено; суми можуть відрізнятися від 100%. «Важко сказати» — підпис у публікації; якщо відмови не показані окремо, їхню частку не визначено. У K1543 проза дає 30% неприйняття пакета Європи/України, а графік — 35%; використано 35% із графіка. Травневі 61% і 40% взято з первинного K1530; у прозі K1543 помилково наведено 62% і 35%, але його ретроспективний графік повторює 61% і 40%.",https://www.kiis.com.ua/?cat=reports&id=1543&lang=ukr
P47,KIIS_PACKAGE_RUSSIA_SEP_2025,02.09.2025–14.09.2025,2025-09-14,Легко,0.03,K1551,Графік 2,"Відтворено всі категорії оригінального графіка. Округлення збережено; суми можуть відрізнятися від 100%. «Важко сказати» — підпис у публікації; якщо відмови не показані окремо, їхню частку не визначено. ",https://www.kiis.com.ua/?cat=reports&id=1551&lang=ukr
P47,KIIS_PACKAGE_RUSSIA_SEP_2025,02.09.2025–14.09.2025,2025-09-14,"Важко, але прийнятно",0.14,K1551,Графік 2,"Відтворено всі категорії оригінального графіка. Округлення збережено; суми можуть відрізнятися від 100%. «Важко сказати» — підпис у публікації; якщо відмови не показані окремо, їхню частку не визначено. ",https://www.kiis.com.ua/?cat=reports&id=1551&lang=ukr
P47,KIIS_PACKAGE_RUSSIA_SEP_2025,02.09.2025–14.09.2025,2025-09-14,Неприйнятно,0.75,K1551,Графік 2,"Відтворено всі категорії оригінального графіка. Округлення збережено; суми можуть відрізнятися від 100%. «Важко сказати» — підпис у публікації; якщо відмови не показані окремо, їхню частку не визначено. ",https://www.kiis.com.ua/?cat=reports&id=1551&lang=ukr
P47,KIIS_PACKAGE_RUSSIA_SEP_2025,02.09.2025–14.09.2025,2025-09-14,Невизначені,0.08,K1551,Графік 2,"Відтворено всі категорії оригінального графіка. Округлення збережено; суми можуть відрізнятися від 100%. «Важко сказати» — підпис у публікації; якщо відмови не показані окремо, їхню частку не визначено. ",https://www.kiis.com.ua/?cat=reports&id=1551&lang=ukr
P48,KIIS_PACKAGE_RUSSIA_SEP_2025,26.11.2025–29.12.2025,2025-12-29,Легко,0.04,K1572,Графік 3,"Відтворено всі категорії оригінального графіка. Округлення збережено; суми можуть відрізнятися від 100%. «Важко сказати» — підпис у публікації; якщо відмови не показані окремо, їхню частку не визначено. ",https://www.kiis.com.ua/?cat=reports&id=1572&lang=ukr
P48,KIIS_PACKAGE_RUSSIA_SEP_2025,26.11.2025–29.12.2025,2025-12-29,"Важко, але прийнятно",0.13,K1572,Графік 3,"Відтворено всі категорії оригінального графіка. Округлення збережено; суми можуть відрізнятися від 100%. «Важко сказати» — підпис у публікації; якщо відмови не показані окремо, їхню частку не визначено. ",https://www.kiis.com.ua/?cat=reports&id=1572&lang=ukr
P48,KIIS_PACKAGE_RUSSIA_SEP_2025,26.11.2025–29.12.2025,2025-12-29,Неприйнятно,0.74,K1572,Графік 3,"Відтворено всі категорії оригінального графіка. Округлення збережено; суми можуть відрізнятися від 100%. «Важко сказати» — підпис у публікації; якщо відмови не показані окремо, їхню частку не визначено. ",https://www.kiis.com.ua/?cat=reports&id=1572&lang=ukr
P48,KIIS_PACKAGE_RUSSIA_SEP_2025,26.11.2025–29.12.2025,2025-12-29,Невизначені,0.09,K1572,Графік 3,"Відтворено всі категорії оригінального графіка. Округлення збережено; суми можуть відрізнятися від 100%. «Важко сказати» — підпис у публікації; якщо відмови не показані окремо, їхню частку не визначено. ",https://www.kiis.com.ua/?cat=reports&id=1572&lang=ukr
P47,KIIS_PACKAGE_EUROPE_SEP_2025,02.09.2025–14.09.2025,2025-09-14,Легко,0.18,K1551,Графік 2,"Відтворено всі категорії оригінального графіка. Округлення збережено; суми можуть відрізнятися від 100%. «Важко сказати» — підпис у публікації; якщо відмови не показані окремо, їхню частку не визначено. ",https://www.kiis.com.ua/?cat=reports&id=1551&lang=ukr
P47,KIIS_PACKAGE_EUROPE_SEP_2025,02.09.2025–14.09.2025,2025-09-14,"Важко, але прийнятно",0.56,K1551,Графік 2,"Відтворено всі категорії оригінального графіка. Округлення збережено; суми можуть відрізнятися від 100%. «Важко сказати» — підпис у публікації; якщо відмови не показані окремо, їхню частку не визначено. ",https://www.kiis.com.ua/?cat=reports&id=1551&lang=ukr
P47,KIIS_PACKAGE_EUROPE_SEP_2025,02.09.2025–14.09.2025,2025-09-14,Неприйнятно,0.15,K1551,Графік 2,"Відтворено всі категорії оригінального графіка. Округлення збережено; суми можуть відрізнятися від 100%. «Важко сказати» — підпис у публікації; якщо відмови не показані окремо, їхню частку не визначено. ",https://www.kiis.com.ua/?cat=reports&id=1551&lang=ukr
P47,KIIS_PACKAGE_EUROPE_SEP_2025,02.09.2025–14.09.2025,2025-09-14,Невизначені,0.12,K1551,Графік 2,"Відтворено всі категорії оригінального графіка. Округлення збережено; суми можуть відрізнятися від 100%. «Важко сказати» — підпис у публікації; якщо відмови не показані окремо, їхню частку не визначено. ",https://www.kiis.com.ua/?cat=reports&id=1551&lang=ukr
P48,KIIS_PACKAGE_EUROPE_SEP_2025,26.11.2025–29.12.2025,2025-12-29,Легко,0.3,K1572,Графік 3,"Відтворено всі категорії оригінального графіка. Округлення збережено; суми можуть відрізнятися від 100%. «Важко сказати» — підпис у публікації; якщо відмови не показані окремо, їхню частку не визначено. ",https://www.kiis.com.ua/?cat=reports&id=1572&lang=ukr
P48,KIIS_PACKAGE_EUROPE_SEP_2025,26.11.2025–29.12.2025,2025-12-29,"Важко, але прийнятно",0.39,K1572,Графік 3,"Відтворено всі категорії оригінального графіка. Округлення збережено; суми можуть відрізнятися від 100%. «Важко сказати» — підпис у публікації; якщо відмови не показані окремо, їхню частку не визначено. ",https://www.kiis.com.ua/?cat=reports&id=1572&lang=ukr
P48,KIIS_PACKAGE_EUROPE_SEP_2025,26.11.2025–29.12.2025,2025-12-29,Неприйнятно,0.16,K1572,Графік 3,"Відтворено всі категорії оригінального графіка. Округлення збережено; суми можуть відрізнятися від 100%. «Важко сказати» — підпис у публікації; якщо відмови не показані окремо, їхню частку не визначено. ",https://www.kiis.com.ua/?cat=reports&id=1572&lang=ukr
P48,KIIS_PACKAGE_EUROPE_SEP_2025,26.11.2025–29.12.2025,2025-12-29,Невизначені,0.16,K1572,Графік 3,"Відтворено всі категорії оригінального графіка. Округлення збережено; суми можуть відрізнятися від 100%. «Важко сказати» — підпис у публікації; якщо відмови не показані окремо, їхню частку не визначено. ",https://www.kiis.com.ua/?cat=reports&id=1572&lang=ukr
