id,priority,pollster,commissioner,title,start,end,period,published,n,method,population,topics,limits,source,report,check,fieldwork_periods,date_source,date_source_location,date_checked_on,date_status,date_note,date_precision,date_kind,source_url,date_source_url
P01,Основне,КМІС,Власна ініціатива,Перемовини та обмін Донбасу на гарантії,2026-02-12,2026-02-24,12.02.2026–24.02.2026,2026-03-02,2004,Телефонне CATI; випадкова генерація мобільних номерів,Громадяни 18+ на підконтрольній уряду території; без людей за кордоном та на ТОТ,Довіра до переговорів; передача Донбасу; гарантії,Два варіанти питання: n=1003 і n=1001. Змінено зміст пакета та послідовність дій; не чистий ефект стилістики.,K1,,Першоджерело; формулювання перевірено,"[{""start"": ""2026-02-12"", ""end"": ""2026-02-24""}]",K1,Паспорт / методологічний опис опитування,2026-10-06,reported_day,Дати польового етапу наведені у паспорті джерела.,day,single_wave,https://www.kiis.com.ua/?cat=reports&id=1589&lang=ukr&page=2,https://www.kiis.com.ua/?cat=reports&id=1589&lang=ukr&page=2
P02,Основне,КМІС,Власне опитування,Умови миру: Донбас та заморожування фронту,2026-07-20,2026-08-03,20.07.2026–03.08.2026,2026-08-07,974,Телефонне CATI,Доросле населення на підконтрольній уряду території,Донбас; припинення вогню; підтримка Заходу,Оцінюються різні пакети умов. Не подавати як одне запитання про будь-які поступки.,K2,,"Тексти питань, сценарії та оприлюднені шкали звірено з анкетою у первинному релізі.","[{""start"": ""2026-07-20"", ""end"": ""2026-08-03""}]",K2,Паспорт / методологічний опис опитування,2026-10-06,reported_day,Дати польового етапу наведені у паспорті джерела.,day,single_wave,https://www.kiis.com.ua/?cat=reports&id=1626&lang=ukr&page=1,https://www.kiis.com.ua/?cat=reports&id=1626&lang=ukr&page=1
P03,Основне,Центр Разумкова,Київський безпековий форум,"Умови миру, гарантії та ризик нового нападу",2026-01-31,2026-02-04,31.01.2026–04.02.2026,2026-02-17,1003,Телефонне інтерв’ю; структуру вибірки зіставлено з демографічними даними початку 2022,Громадяни 18+ на підконтрольній уряду території з українським телефонним зв’язком; без Криму,Гарантії; території; репарації; відповідальність,Мінімальні умови миру: у 2025–2026 змінювався перелік відповідей. Не зіставляти механічно.,R26FULL,,Повна публікація з таблицями й паспортом; раніше був лише короткий переказ,"[{""start"": ""2026-01-31"", ""end"": ""2026-02-04""}]",R26FULL,Паспорт / методологічний опис опитування,2026-10-06,reported_day,Дати польового етапу наведені у паспорті джерела.,day,single_wave,https://razumkov.org.ua/napriamky/sotsiologichni-doslidzhennia/otsinka-gromadianamy-sytuatsii-v-kraini-bachennia-shliakhiv-vyrishennia-bezpekovykh-problem-sichen-liutyi-2026r,https://razumkov.org.ua/napriamky/sotsiologichni-doslidzhennia/otsinka-gromadianamy-sytuatsii-v-kraini-bachennia-shliakhiv-vyrishennia-bezpekovykh-problem-sichen-liutyi-2026r
P04,Основне,Центр Разумкова,Київський безпековий форум,Про війну і мир: квітневе дослідження,2026-04-02,2026-04-08,02.04.2026–08.04.2026,2026-04-27,1200,Особисті інтерв’ю,Підконтрольні уряду території; деталі у звіті,Мінімальні умови миру; очікування; перемога,Не будувати динаміку із зимовою хвилею без перевірки анкети та впливу зміни методу.,R2,R2P,Первинна презентація; оприлюднені показники й формулювання внесено до каталогу питань.,"[{""start"": ""2026-04-02"", ""end"": ""2026-04-08""}]",R2P,Паспорт / методологічний опис опитування,2026-10-06,reported_day,Дати польового етапу наведені у паспорті джерела.,day,single_wave,https://razumkov.org.ua/novyny/uchast-u-18mu-kyivskomu-bezpekovomu-forumi-prezentatsiia-sotsiologichnogo-doslidzhennia-pro-viinu-i-myr,https://ksf-openukraine.s3.eu-central-1.amazonaws.com/PREZENTA_Cz_I_Ya_RAZUMKOV_Cz_ENTR_KBF_2026_beb6820f64.pdf
P05,Основне,Gallup,Gallup World Poll,Переговори якнайшвидше чи боротьба до перемоги,2026-04,2026-04,04.2026,2026-06-30,,У релізі метод цієї хвилі не наведено; доступний загальний паспорт закінчується 2025 роком.,Населення 15+; охоплення залежить від українського мобільного зв’язку та доступності територій; див. паспорт хвилі,Загальний напрям завершення війни; очікування,Дві основні альтернативи не виділяють переговори одночасно з обороною; умови поступок не задані.,G1,,Первинна публікація; паспорт хвилі неповний,"[{""start"": ""2026-04"", ""end"": ""2026-04""}]",G1,"Реліз Gallup, 30.06.2026; вступ і посилання на Country Data Set Details",2026-10-06,reported_month,"У релізі вказано квітень 2026. Доступний за посиланням Gallup паспорт World Poll Dataset Details (02.2026) охоплює дані лише до 2025 року: днів, n і методу української хвилі 2026 там немає.",month,single_wave,https://news.gallup.com/poll/711992/ukrainians-sour-washington-views-war-stabilize.aspx,https://news.gallup.com/poll/711992/ukrainians-sour-washington-views-war-stabilize.aspx
P06,Основне,Група «Рейтинг»,Westminster Foundation for Democracy (WFD),Припинення бойових дій та виведення ЗСУ,2026-01-11,2026-01-15,11.01.2026–15.01.2026,2026-03-24,2100,Телефонне CATI,18+; деталі територіального охоплення у звіті,Завершення бойових дій; тривалий мир; Донбас,"Питання пов’язує виведення військ із встановленням миру; це задана умова сценарію, а не доведений наслідок.",W1,W1P,Звіт; с. 33–34,"[{""start"": ""2026-01-11"", ""end"": ""2026-01-15""}]",W1P,Паспорт / методологічний опис опитування,2026-10-06,reported_day,Дати польового етапу наведені у паспорті джерела.,day,single_wave,https://www.ratinggroup.ua/news/wfd-jan2026,https://cdn.prod.website-files.com/685c279caf66f4023ad2cab4/69fc97cc24681fef3b6d3d96_wfd_polll_presentation_january_2026_compressed.pdf
P07,Основне,Група «Рейтинг»,International Republican Institute (IRI),Прийнятні ситуації для досягнення миру,2026-03-13,2026-03-18,13.03.2026–18.03.2026,2026-04-30,3000,Телефонне CATI,18+; деталі територіального охоплення у звіті,Демілітаризована зона; НАТО; території; амністія,Кілька відповідей. Не додавати частки до 100% і не трактувати вибір одного пункту як схвалення всієї угоди.,I1,I1P,Звіт; с. 49–50,"[{""start"": ""2026-03-13"", ""end"": ""2026-03-18""}]",I1P,Паспорт / методологічний опис опитування,2026-10-06,reported_day,Дати польового етапу наведені у паспорті джерела.,day,single_wave,https://www.ratinggroup.ua/news/iri-mar2026,https://cdn.prod.website-files.com/685c279caf66f4023ad2cab4/69f3339c6741176b5932c931_UKR-26-NS-01-PT-UKR_Final-Public_compressed.pdf
P08,Основне,Info Sapiens,УНЦПД / Національна платформа стійкості та згуртованості,Стійкість суспільства: територіальні поступки,2026-05-13,2026-05-22,13.05.2026–22.05.2026,2026-07-08,1000,Телефонне CATI,16+; без ТОТ та територій без українського мобільного зв’язку,Оборона без поступок або передача неокупованих територій,Асиметрична вузька альтернатива: немає окремого варіанта заморожування фактичного фронту без визнання окупації.,S1,S1P,Звіт; с. 18; формулювання перевірено,"[{""start"": ""2026-05-13"", ""end"": ""2026-05-22""}]",S1P,Паспорт / методологічний опис опитування,2026-10-06,reported_day,Дати польового етапу наведені у паспорті джерела.,day,single_wave,https://www.sapiens.com.ua/ua/socpol-research-single-page?id=389,https://www.sapiens.com.ua/publications/socpol-research/389/Звіт_Омнібус_УНЦПД_2026_для%20сайту.pdf
P09,Основне,Info Sapiens,Центр «Нова Європа»,НАТО та припинення війни,2026-03-07,2026-03-20,07.03.2026–20.03.2026,2026-04-09,1000,Телефонне CATI,16+; деталі у звіті,Відмова від НАТО та співпраці з Альянсом,Відмова від членства і припинення співпраці поєднані; не переносити результат на будь-яку форму нейтралітету.,S2,S2P,Першоджерело та звіт,"[{""start"": ""2026-03-07"", ""end"": ""2026-03-20""}]",S2P,Паспорт / методологічний опис опитування,2026-10-06,reported_day,Дати польового етапу наведені у паспорті джерела.,day,single_wave,https://neweurope.org.ua/analytics/yak-ukrayintsi-otsinyuyut-nato-u-2026-rotsi/,https://neweurope.org.ua/wp-content/uploads/2026/04/Opinion-Poll-Results_NATO-2026_ukr-1.pdf
P10,Основне,КМІС,National Democratic Institute (NDI),Демократія та ціна миру,2026-03-03,2026-03-28,03.03.2026–28.03.2026,2026-07-28,2502,Телефонне опитування; випадкові мобільні номери,"Не включено ТОТ станом на 23.02.2022. На територіях, окупованих після 24.02.2022, інтерв’ю можливі, якщо респондент почувається достатньо безпечно (с.30).",Визнання територій; офіційний статус російської мови,"З грудня 2024 «важко відповісти» зачитують уголос. На с.22 офіційні агрегати відкидання — 70% для обох вимог; сума округлених сегментів с.21 — 69%. Випадкова похибка до 2,6 в.п., дизайн-ефект 1,3.",N1,N1P,"Паспорт с.2,30 та графіки с.21–22 візуально звірені; серпень 2025 і березень 2026 внесені до динаміки.","[{""start"": ""2026-03-03"", ""end"": ""2026-03-28""}]",N1P,Паспорт / методологічний опис опитування,2026-10-06,reported_day,Дати польового етапу наведені у паспорті джерела.,day,single_wave,https://ndi.org/our-stories/ukrainian-commitment-democracy-unwavering-despite-prolonged-war,https://www.ndi.org/sites/default/files/2026-07/UKR_NDI-March-2026-Political-Survey_Public.pptx.pdf
P11,Додаткове: неповний паспорт,Виконавця українського поля не підтверджено,Lord Ashcroft Polls,Сценарії завершення війни,2026-03,2026-04,03.2026–04.2026,2026-05-29,1003,У публікації та таблиці метод української хвилі не наведено.,Охоплення української хвилі у доступному паспорті не описане.,Прямі переговори; фронт; НАТО; території; гарантії,"Метод, виконавець і окремі дати W2/W3 не встановлені з таблиці. Total не прийнято за поточну хвилю.",A1,A1X,"Використано W3: незважена база n=1003, зважена 999. W2 n=2049; сумарне n=3052 не є базою поточної хвилі.","[{""start"": ""2026-03"", ""end"": ""2026-04""}]",A1X,"XLSX, заголовок Ukraine March/April 2026 і стовпці W2/W3",2026-10-06,wave_dates_unresolved,"Заголовок таблиці задає березень–квітень 2026 для двох хвиль разом. Окремі дати W3, з якої взято показники, не наведені. Інтервал не слід трактувати як підтверджені межі поля W3.",month,single_wave,https://lordashcroftpolls.com/2026/05/ukraine-russia-and-the-battle-for-public-opinion/,https://lordashcroftpolls.com/wp-content/uploads/2026/05/Ukraine-tables-April-2026.xlsx
P12,Додаткове: онлайн,Active Group,Власний проєкт / SunFlower Sociology,Пульс тижня 192: можливість переговорів,2026-09-12,2026-09-12,12.09.2026,2026-09-16,1000,Онлайн-панель SunFlower Sociology,"Учасники онлайн-панелі SunFlowerSociology на підконтрольних уряду територіях; заявлено баланс за віком, статтю і регіоном.",Реалістичність мирних переговорів,Можливість переговорів не означає їх підтримку. Нижчий пріоритет через онлайн-панель і невстановлену ймовірність включення.,AG1,AG1D,Додаткове джерело; не змішувати з основними оцінками,"[{""start"": ""2026-09-12"", ""end"": ""2026-09-12""}]",AG1D,"Шапка «Пульс тижня», випуск 192: дата заміру 12.09.2026",2026-10-06,reported_day,"Дата заміру — 12.09.2026; 7–11 вересня у назві випуску — період подій тижня, а не дата опитування.",day,single_wave,https://activegroup.com.ua/2026/09/16/zavershennya-vijni/,https://activegroup.com.ua/wp-content/uploads/pulse/260912-192/pulse-192.html
P13,Додаткове: онлайн,Платформа Lemur,«Слово і діло»,Переговорний трек: травнева хвиля,2026-05-22,2026-05-29,22.05.2026–29.05.2026,2026-06-11,1200,Онлайн-опитування,Інтернет-користувачі 18+; без ТОТ,Переговорний трек та параметри мирної угоди,Нижчий пріоритет. Детальні результати не перенесені без перевірки анкети й паспорта конкретної хвилі.,L1,,Паспорт хвилі перевірено; додаткове джерело,"[{""start"": ""2026-05-22"", ""end"": ""2026-05-29""}]",L1,Паспорт / методологічний опис опитування,2026-10-06,reported_day,Дати польового етапу наведені у паспорті джерела.,day,single_wave,https://www.slovoidilo.ua/2026/06/11/dajdzhest/suspilstvo/rezultaty-travnevoho-soczopytuvannya-temu-perehovornyj-trek-ta-parametry-myrnoyi-uhody,https://www.slovoidilo.ua/2026/06/11/dajdzhest/suspilstvo/rezultaty-travnevoho-soczopytuvannya-temu-perehovornyj-trek-ta-parametry-myrnoyi-uhody
P14,Додаткове: онлайн,Платформа Lemur,«Слово і діло»,Переговорний трек: шоста хвиля,2026-08-25,2026-08-31,25.08.2026–31.08.2026,2026-09-11,1200,Онлайн CAWI,Інтернет-користувачі 18+; без ТОТ,Виведення військ; поступки; гарантії,Вибірка інтернет-користувачів. Умовні відповіді не зводити до безумовної згоди на поступки.,L2,,Шоста хвиля серії березень–серпень; додаткове джерело,"[{""start"": ""2026-08-25"", ""end"": ""2026-08-31""}]",L2,Паспорт / методологічний опис опитування,2026-10-06,reported_day,Дати польового етапу наведені у паспорті джерела.,day,single_wave,https://www.slovoidilo.ua/2026/09/11/dajdzhest/polityka/rezultaty-shostoyi-xvyli-soczopytuvannya-temu-perehovornyj-trek-hotovnist-hromadyan-sluzhyty,https://www.slovoidilo.ua/2026/09/11/dajdzhest/polityka/rezultaty-shostoyi-xvyli-soczopytuvannya-temu-perehovornyj-trek-hotovnist-hromadyan-sluzhyty
P15,Додаткове: обмежена прозорість,Future Research Foundation (FRF),У публікації не уточнено окремо,"Переговори, території та обмеження армії",2026-09-19,2026-09-22,19.09.2026–22.09.2026,2026-10-01,1203,Телефонне CATI; заявлена випадкова вибірка мобільних номерів.,"18+, 23 області та Київ; без Криму й районів без українського зв’язку. Луганська область не представлена.",Переговори; компроміси; заморожування; ЗСУ,"Презентація описує вибірку, але не наводить відсоток відповідей, ваги чи незалежний аудит польових процедур. Окремі пункти анкети наведено на слайдах; повної анкети й мікроданих немає. Додаткове джерело.",F1,FRFP,"Дати, n, заявлений метод і оприлюднені питання звірено з первинною презентацією FRF.","[{""start"": ""2026-09-19"", ""end"": ""2026-09-22""}]",FRFP,"PDF, с. 2, «Методологія»",2026-10-06,reported_day,Дати польового етапу наведені у паспорті джерела.,day,single_wave,https://interfax.com.ua/news/press-release/1212330-amp.html,https://frf.org.ua/wp-content/uploads/2026/10/ФДМ_Презентація_09-2026_V6_основна.pdf
P16,Додаткове: онлайн,Gradus Research,Власне дослідження,Післявоєнні гарантії безпеки,2026-02-13,2026-02-16,13.02.2026–16.02.2026,2026-02-25,1000,Самозаповнення в застосунку,18–60 років; міста з населенням понад 50 тис.,Бажані гарантії безпеки,Суміжна тема; не прямий вимір поступок. Вибірка не охоплює старших за 60 та мешканців малих населених пунктів.,GR1,,Додаткове джерело з обмеженим охопленням,"[{""start"": ""2026-02-13"", ""end"": ""2026-02-16""}]",GR1,Паспорт / методологічний опис опитування,2026-10-06,reported_day,Дати польового етапу наведені у паспорті джерела.,day,single_wave,https://gradus.app/en/report/fewer-donations-faith-afu-changing-hopes/,https://gradus.app/en/report/fewer-donations-faith-afu-changing-hopes/
P17,Основне,Центр Разумкова,Фонд «Демократичні ініціативи» ім. Ілька Кучеріва / спільне дослідження,Підсумки 2025: домовленості про мир,2025-12-05,2025-12-16,05.12.2025–16.12.2025,2025-12-29,2000,Особисті інтерв’ю,Деталі охоплення у звіті,Прийнятність домовленостей про мир,Включено як найближчу попередню хвилю. Не зараховувати до поля 2026 року. ФДІ входить до основного списку відстеження.,D1,D1P,Первинний звіт; архівне дослідження,"[{""start"": ""2025-12-05"", ""end"": ""2025-12-16""}]",D1P,Паспорт / методологічний опис опитування,2026-10-06,reported_day,Дати польового етапу наведені у паспорті джерела.,day,single_wave,https://dif.org.ua/article/pidsumki-2025-roku-chi-priymut-ukraintsi-domovlenosti-pro-mir,https://dif.org.ua/uploads/pdf/5533763386950345db5eb76.75679733.pdf
P18,Основне,КМІС,Власний моніторинг,Загальна готовність до територіальних поступок,2022-05-13,2022-05-18,13.05.2022–18.05.2022,,2000,CATI; випадкова вибірка мобільних номерів; зважування,"Громадяни України 18+, які перебувають в Україні у межах, підконтрольних уряду до 24.02.2022; без Криму й раніше окупованих районів Донбасу та громадян, які виїхали за кордон після 24.02.2022. Доступність зв’язку обмежує охоплення новоокупованих територій.",Загальна готовність до територіальних поступок,Невизначені території та правовий статус. Дані історичного графіка; точні дні та n ранніх хвиль не відновлювалися.,K1111,,Знайдено окремий первинний реліз; значення звірено з ретроспективною серією,"[{""start"": ""2022-05-13"", ""end"": ""2022-05-18""}]",K1111,Паспорт / методологічний опис опитування,2026-10-06,reported_day,Дати польового етапу наведені у паспорті джерела.,day,single_wave,https://www.kiis.com.ua/?cat=reports&id=1111&lang=ukr,https://www.kiis.com.ua/?cat=reports&id=1111&lang=ukr
P19,Основне,КМІС,Власний моніторинг,Загальна готовність до територіальних поступок,2022-07-06,2022-07-20,06.07.2022–20.07.2022,,2000,CATI; випадкова вибірка мобільних номерів; зважування,"Громадяни України 18+, які перебувають в Україні у межах, підконтрольних уряду до 24.02.2022; без Криму й раніше окупованих районів Донбасу та громадян, які виїхали за кордон після 24.02.2022. Доступність зв’язку обмежує охоплення новоокупованих територій.",Загальна готовність до територіальних поступок,Невизначені території та правовий статус. Дані історичного графіка; точні дні та n ранніх хвиль не відновлювалися.,K1124,,Знайдено окремий первинний реліз; значення звірено з ретроспективною серією,"[{""start"": ""2022-07-06"", ""end"": ""2022-07-20""}]",K1124,Паспорт / методологічний опис опитування,2026-10-06,reported_day,Дати польового етапу наведені у паспорті джерела.,day,single_wave,https://www.kiis.com.ua/?cat=reports&id=1124&lang=ukr,https://www.kiis.com.ua/?cat=reports&id=1124&lang=ukr
P20,Основне,КМІС,Власний моніторинг,Загальна готовність до територіальних поступок,2022-09-07,2022-09-13,07.09.2022–13.09.2022,,2000,CATI; випадкова вибірка мобільних номерів; зважування,"Громадяни України 18+, які перебувають в Україні у межах, підконтрольних уряду до 24.02.2022; без Криму й раніше окупованих районів Донбасу та громадян, які виїхали за кордон після 24.02.2022. Доступність зв’язку обмежує охоплення новоокупованих територій.",Загальна готовність до територіальних поступок,Невизначені території та правовий статус. Дані історичного графіка; точні дні та n ранніх хвиль не відновлювалися.,K1133,,Знайдено окремий первинний реліз; значення звірено з ретроспективною серією,"[{""start"": ""2022-09-07"", ""end"": ""2022-09-13""}]",K1133,Паспорт / методологічний опис опитування,2026-10-06,reported_day,Дати польового етапу наведені у паспорті джерела.,day,single_wave,https://www.kiis.com.ua/?cat=reports&id=1133&lang=ukr,https://www.kiis.com.ua/?cat=reports&id=1133&lang=ukr
P21,Основне,КМІС,Власний моніторинг,Загальна готовність до територіальних поступок,2022-12-04,2022-12-27,04.12.2022–27.12.2022,,2005,CATI; випадкова вибірка мобільних номерів; зважування,"Громадяни України 18+, які перебувають в Україні у межах, підконтрольних уряду до 24.02.2022; без Криму й раніше окупованих районів Донбасу та громадян, які виїхали за кордон після 24.02.2022. Доступність зв’язку обмежує охоплення новоокупованих територій.",Загальна готовність до територіальних поступок,Невизначені території та правовий статус. Дані історичного графіка; точні дні та n ранніх хвиль не відновлювалися.,K1167,,Знайдено окремий первинний реліз; значення звірено з ретроспективною серією,"[{""start"": ""2022-12-04"", ""end"": ""2022-12-27""}]",K1167,Паспорт / методологічний опис опитування,2026-10-06,reported_day,Дати польового етапу наведені у паспорті джерела.,day,single_wave,https://www.kiis.com.ua/?cat=reports&id=1167&lang=ukr,https://www.kiis.com.ua/?cat=reports&id=1167&lang=ukr
P22,Основне,КМІС,Власний моніторинг,Загальна готовність до територіальних поступок,2023-02-14,2023-02-22,14.02.2023–22.02.2023,,2002,CATI; випадкова вибірка мобільних номерів; зважування,"Громадяни України 18+, які перебувають в Україні у межах, підконтрольних уряду до 24.02.2022; без Криму й раніше окупованих районів Донбасу та громадян, які виїхали за кордон після 24.02.2022. Доступність зв’язку обмежує охоплення новоокупованих територій.",Загальна готовність до територіальних поступок,Невизначені території та правовий статус. Дані історичного графіка; точні дні та n ранніх хвиль не відновлювалися.,K1192,,Знайдено окремий первинний реліз; значення звірено з ретроспективною серією,"[{""start"": ""2023-02-14"", ""end"": ""2023-02-22""}]",K1192,Паспорт / методологічний опис опитування,2026-10-06,reported_day,Дати польового етапу наведені у паспорті джерела.,day,single_wave,https://www.kiis.com.ua/?cat=reports&id=1192&lang=ukr,https://www.kiis.com.ua/?cat=reports&id=1192&lang=ukr
P23,Основне,КМІС,Власний моніторинг,Загальна готовність до територіальних поступок,2023-05-26,2023-06-05,26.05.2023–05.06.2023,,1029,CATI; випадкова вибірка мобільних номерів; зважування,"Громадяни України 18+, які перебувають в Україні у межах, підконтрольних уряду до 24.02.2022; без Криму й раніше окупованих районів Донбасу та громадян, які виїхали за кордон після 24.02.2022. Доступність зв’язку обмежує охоплення новоокупованих територій.",Загальна готовність до територіальних поступок,Невизначені території та правовий статус. Дані історичного графіка; точні дні та n ранніх хвиль не відновлювалися.,K1242,,Знайдено окремий первинний реліз; значення звірено з ретроспективною серією,"[{""start"": ""2023-05-26"", ""end"": ""2023-06-05""}]",K1242,Паспорт / методологічний опис опитування,2026-10-06,reported_day,Дати польового етапу наведені у паспорті джерела.,day,single_wave,https://www.kiis.com.ua/?cat=reports&id=1242&lang=ukr,https://www.kiis.com.ua/?cat=reports&id=1242&lang=ukr
P24,Основне,КМІС,Власний моніторинг,Загальна готовність до територіальних поступок,2023-09-29,2023-10-09,29.09.2023–09.10.2023,,1010,CATI; випадкова вибірка мобільних номерів; зважування,"Громадяни України 18+, які перебувають в Україні у межах, підконтрольних уряду до 24.02.2022; без Криму й раніше окупованих районів Донбасу та громадян, які виїхали за кордон після 24.02.2022. Доступність зв’язку обмежує охоплення новоокупованих територій.",Загальна готовність до територіальних поступок,Невизначені території та правовий статус. Дані історичного графіка; точні дні та n ранніх хвиль не відновлювалися.,K1301,,Знайдено окремий первинний реліз; значення звірено з ретроспективною серією,"[{""start"": ""2023-09-29"", ""end"": ""2023-10-09""}]",K1301,Паспорт / методологічний опис опитування,2026-10-06,reported_day,Дати польового етапу наведені у паспорті джерела.,day,single_wave,https://www.kiis.com.ua/?cat=reports&id=1301&lang=ukr,https://www.kiis.com.ua/?cat=reports&id=1301&lang=ukr
P25,Основне,КМІС,Власний моніторинг,Загальна готовність до територіальних поступок,2023-11-29,2023-12-09,29.11.2023–09.12.2023,,1031,CATI; випадкова вибірка мобільних номерів; зважування,"Громадяни України 18+, які перебувають в Україні у межах, підконтрольних уряду до 24.02.2022; без Криму й раніше окупованих районів Донбасу та громадян, які виїхали за кордон після 24.02.2022. Доступність зв’язку обмежує охоплення новоокупованих територій.",Загальна готовність до територіальних поступок,Невизначені території та правовий статус. Дані історичного графіка; точні дні та n ранніх хвиль не відновлювалися.,K1332,,Знайдено окремий первинний реліз; значення звірено з ретроспективною серією,"[{""start"": ""2023-11-29"", ""end"": ""2023-12-09""}]",K1332,Паспорт / методологічний опис опитування,2026-10-06,reported_day,Дати польового етапу наведені у паспорті джерела.,day,single_wave,https://www.kiis.com.ua/?cat=reports&id=1332&lang=ukr,https://www.kiis.com.ua/?cat=reports&id=1332&lang=ukr
P26,Основне,КМІС,Власний моніторинг,Загальна готовність до територіальних поступок,2024-02,2024-02,02.2024,,,Телефонне CATI; паспорт хвилі див. першоджерело,Ретроспектива не містить окремого опису охоплення лютневої вибірки.,Загальна готовність до територіальних поступок,26%/65% підтверджено ретроспективою. Точний паспорт лютневої хвилі територіального питання окремо не встановлено; сусідню публікацію не прирівняно автоматично.,K1421,,Першоджерело; дані з опублікованої історичної серії,"[{""start"": ""2024-02"", ""end"": ""2024-02""}]",K1421,"K1421, графік динаміки територіальних поступок",2026-10-06,reported_month,"Місяць і результати 26%/65% наведено у ретроспективі. Реліз K1372 має поле 5–10.02.2024, але не містить цього територіального питання: його дати й n не перенесено автоматично.",month,single_wave,https://www.kiis.com.ua/?cat=reports&id=1421&lang=ukr,https://www.kiis.com.ua/?cat=reports&id=1421&lang=ukr
P27,Основне,КМІС,Власний моніторинг,Загальна готовність до територіальних поступок,2024-05-16,2024-05-22,16.05.2024–22.05.2024,,1067,CATI; випадкова вибірка мобільних номерів; зважування,"Громадяни України 18+ на підконтрольній уряду території, включно з ВПО; без населення окупованих територій і громадян, які виїхали за кордон після 24.02.2022.",Загальна готовність до територіальних поступок,Невизначені території та правовий статус. Дані історичного графіка; точні дні та n ранніх хвиль не відновлювалися.,K1421,,Знайдено окремий первинний реліз; значення звірено з ретроспективною серією,"[{""start"": ""2024-05-16"", ""end"": ""2024-05-22""}]",K1421,Паспорт / методологічний опис опитування,2026-10-06,reported_day,Дати польового етапу наведені у паспорті джерела.,day,single_wave,https://www.kiis.com.ua/?cat=reports&id=1421&lang=ukr,https://www.kiis.com.ua/?cat=reports&id=1421&lang=ukr
P28,Основне,КМІС,Власний моніторинг,Загальна готовність до територіальних поступок,2024-09-20,2024-10-03,20.09.2024–03.10.2024,,2004,CATI; випадкова вибірка мобільних номерів; зважування,"Громадяни України 18+ на підконтрольній уряду території, включно з ВПО; без населення окупованих територій і громадян, які виїхали за кордон після 24.02.2022.",Загальна готовність до територіальних поступок,Невизначені території та правовий статус. Дані історичного графіка; точні дні та n ранніх хвиль не відновлювалися.,K1447,,"Знайдено окремий первинний реліз; значення звірено з ретроспективною серією Для питання про готовність терпіти війну окремий реліз K1445 наводить n=989; база питання вказана в каталозі, загальний паспорт омнібусу не замінено.","[{""start"": ""2024-09-20"", ""end"": ""2024-10-03""}]",K1447,Паспорт / методологічний опис опитування,2026-10-06,reported_day,Дати польового етапу наведені у паспорті джерела.,day,single_wave,https://www.kiis.com.ua/?cat=reports&id=1447&lang=ukr,https://www.kiis.com.ua/?cat=reports&id=1447&lang=ukr
P29,Основне,КМІС,Власний моніторинг,Загальна готовність до територіальних поступок,2024-12-02,2024-12-17,02.12.2024–17.12.2024,,2000,Телефонне CATI; паспорт хвилі див. першоджерело,"Громадяни України 18+ на підконтрольній уряду території, включно з ВПО; без населення окупованих територій і громадян, які виїхали за кордон після 24.02.2022.",Загальна готовність до територіальних поступок,Невизначені території та правовий статус. Дані історичного графіка; точні дні та n ранніх хвиль не відновлювалися.,K24,,"n=2000 у хвилі; загальне територіальне питання n=985 Для питання про готовність терпіти війну окремий реліз K1464 наводить n=985; база питання вказана в каталозі, загальний паспорт омнібусу не замінено.","[{""start"": ""2024-12-02"", ""end"": ""2024-12-17""}]",K24,Паспорт / методологічний опис опитування,2026-10-06,reported_day,Дати польового етапу наведені у паспорті джерела.,day,single_wave,https://www.kiis.com.ua/?cat=reports&id=1465&lang=ukr,https://www.kiis.com.ua/?cat=reports&id=1465&lang=ukr
P30,Основне,КМІС,Власний моніторинг,Загальна готовність до територіальних поступок,2025-02-14,2025-03-04,14.02.2025–04.03.2025,2025-03-14,2029,Телефонне CATI; паспорт хвилі див. першоджерело,"Громадяни України 18+ на підконтрольній уряду території, включно з ВПО; без населення окупованих територій і громадян, які виїхали за кордон після 24.02.2022.",Загальна готовність до територіальних поступок,Невизначені території та правовий статус. Дані історичного графіка; точні дні та n ранніх хвиль не відновлювалися.,K25A,,n=2029; загальне питання n=1029; профільний експеримент в іншій частині вибірки,"[{""start"": ""2025-02-14"", ""end"": ""2025-03-04""}]",K25A,Паспорт / методологічний опис опитування,2026-10-06,reported_day,Дати польового етапу наведені у паспорті джерела.,day,single_wave,https://www.kiis.com.ua/?cat=reports&id=1506&lang=ukr,https://www.kiis.com.ua/?cat=reports&id=1506&lang=ukr
P31,Основне,КМІС,Власний моніторинг,Загальна готовність до територіальних поступок,2025-05-15,2025-06-03,15.05.2025–03.06.2025,2025-06-10,2004,Телефонне CATI; паспорт хвилі див. першоджерело,"Громадяни України 18+ на підконтрольній уряду території, включно з ВПО; без населення окупованих територій і громадян, які виїхали за кордон після 24.02.2022.",Загальна готовність до територіальних поступок,Невизначені території та правовий статус. Дані історичного графіка; точні дні та n ранніх хвиль не відновлювалися.,K25B,,"Чотири випадкові підвибірки для різних формулювань; це не перехресна таблиця Для питання про готовність терпіти війну окремий реліз K1534 наводить n=1011; база питання вказана в каталозі, загальний паспорт омнібусу не замінено.","[{""start"": ""2025-05-15"", ""end"": ""2025-06-03""}]",K25B,Паспорт / методологічний опис опитування,2026-10-06,reported_day,Дати польового етапу наведені у паспорті джерела.,day,single_wave,https://www.kiis.com.ua/?cat=reports&id=1535&lang=ukr,https://www.kiis.com.ua/?cat=reports&id=1535&lang=ukr
P32,Основне,КМІС,Власний моніторинг,Загальна готовність до територіальних поступок,2025-09-19,2025-10-05,19.09.2025–05.10.2025,2025-10-09,2015,Телефонне CATI; паспорт хвилі див. першоджерело,"Громадяни України 18+ на підконтрольній уряду території, включно з ВПО; без населення окупованих територій і громадян, які виїхали за кордон після 24.02.2022.",Загальна готовність до територіальних поступок,Невизначені території та правовий статус. Дані історичного графіка; точні дні та n ранніх хвиль не відновлювалися.,K25C,,n=2015 у хвилі; чотири випадкові підвибірки приблизно по 500,"[{""start"": ""2025-09-19"", ""end"": ""2025-10-05""}]",K25C,Паспорт / методологічний опис опитування,2026-10-06,reported_day,Дати польового етапу наведені у паспорті джерела.,day,single_wave,https://www.kiis.com.ua/?cat=reports&id=1559&lang=ukr,https://www.kiis.com.ua/?cat=reports&id=1559&lang=ukr
P33,Основне,Gallup,Gallup World Poll,Переговори якнайшвидше чи боротьба до перемоги,2022-09-02,2022-09-11,02.09.2022–11.09.2022,,1000,Мобільне телефонне інтерв’ю (Gallup World Poll),Населення 15+; охоплення залежить від українського мобільного зв’язку та доступності територій; див. паспорт хвилі,Переговори якнайшвидше чи боротьба до перемоги,Gallup: доросле населення 15+; територіальне охоплення змінюється через доступність українського зв’язку,G24,GMP,"Паспорт Gallup World Poll Dataset Details, с. 198","[{""start"": ""2022-09-02"", ""end"": ""2022-09-11""}]",GMP,"PDF, с. 198, рядок Ukraine",2026-10-06,reported_day,Дати польового етапу наведені у паспорті джерела.,day,single_wave,https://news.gallup.com/poll/653495/half-ukrainians-quick-negotiated-end-war.aspx,https://www.gallup.com/file/services/177797/World_Poll_Dataset_Details_022026.pdf
P34,Основне,Gallup,Gallup World Poll,Переговори якнайшвидше чи боротьба до перемоги,2023-07-27,2023-08-03,27.07.2023–03.08.2023,,1000,Мобільне телефонне інтерв’ю (Gallup World Poll),Населення 15+; охоплення залежить від українського мобільного зв’язку та доступності територій; див. паспорт хвилі,Переговори якнайшвидше чи боротьба до перемоги,Gallup: доросле населення 15+; територіальне охоплення змінюється через доступність українського зв’язку,G24,GMP,"Паспорт Gallup World Poll Dataset Details, с. 213","[{""start"": ""2023-07-27"", ""end"": ""2023-08-03""}]",GMP,"PDF, с. 213, рядок Ukraine",2026-10-06,reported_day,Дати польового етапу наведені у паспорті джерела.,day,single_wave,https://news.gallup.com/poll/653495/half-ukrainians-quick-negotiated-end-war.aspx,https://www.gallup.com/file/services/177797/World_Poll_Dataset_Details_022026.pdf
P35,Основне,Gallup,Gallup World Poll,Переговори якнайшвидше чи боротьба до перемоги,2024-08-13,2024-10,13.08.2024–29.08.2024; 10.2024,,,Серпень: телефонні інтерв’ю на мобільні номери; метод жовтневої хвилі не наведено у доступному паспорті.,Населення 15+; охоплення залежить від українського мобільного зв’язку та доступності територій; див. паспорт хвилі,Переговори якнайшвидше чи боротьба до перемоги,"Загальна альтернатива; не визначає поступок. 2024: середнє двох хвиль, а не одна польова хвиля.",G24,GMP,"Середнє двох хвиль. Паспорт серпня: 13–29.08.2024, n=1000, с.227. Жовтнева хвиля відсутня у цьому World Poll паспорті; n агрегату не припущено.","[{""start"": ""2024-08-13"", ""end"": ""2024-08-29""}, {""start"": ""2024-10"", ""end"": ""2024-10""}]",GMP,"PDF, с. 227; G24 — серпень і жовтень як дві хвилі",2026-10-06,partial_aggregate,"Середнє двох окремих хвиль: 13–29.08.2024 (n=1000, World Poll Dataset Details, с. 227) і жовтень 2024 (дні та n не наведено). Це не безперервне поле між серпнем і жовтнем.",mixed,aggregate,https://news.gallup.com/poll/653495/half-ukrainians-quick-negotiated-end-war.aspx,https://www.gallup.com/file/services/177797/World_Poll_Dataset_Details_022026.pdf
P36,Основне,Gallup,Gallup World Poll,Переговори якнайшвидше чи боротьба до перемоги,2025-07-01,2025-07-14,01.07.2025–14.07.2025,,1000,Мобільне телефонне інтерв’ю (Gallup World Poll),Населення 15+; охоплення залежить від українського мобільного зв’язку та доступності територій; див. паспорт хвилі,Переговори якнайшвидше чи боротьба до перемоги,Gallup: доросле населення 15+; територіальне охоплення змінюється через доступність українського зв’язку,G25,GMP,"Паспорт Gallup World Poll Dataset Details, с. 241","[{""start"": ""2025-07-01"", ""end"": ""2025-07-14""}]",GMP,"PDF, с. 241, рядок Ukraine",2026-10-06,reported_day,Дати польового етапу наведені у паспорті джерела.,day,single_wave,https://news.gallup.com/poll/693203/ukrainiansupport-war-effort-collapses.aspx,https://www.gallup.com/file/services/177797/World_Poll_Dataset_Details_022026.pdf
P37,Основне,Центр Разумкова,ФДІ; підтримка MATRA,"Компроміси, переговори та втрата допомоги Заходу",2022-12-13,2022-12-21,13.12.2022–21.12.2022,,2018,"Особисті інтерв’ю; багатоступенева вибірка, квоти на останньому етапі",18+; підконтрольні території без активних бойових дій,"Компроміси, переговори та втрата допомоги Заходу",Варіанти щодо переговорів містять аргументи про життя людей та недотримання угод РФ.,D22P,,Паспорт: с. 1; компроміси: с. 23–24; переговори: с. 27,"[{""start"": ""2022-12-13"", ""end"": ""2022-12-21""}]",D22P,Паспорт / методологічний опис опитування,2026-10-06,reported_day,Дати польового етапу наведені у паспорті джерела.,day,single_wave,https://dif.org.ua/uploads/pdf/20263161126458f92b642fb0.79054584.pdf,https://dif.org.ua/uploads/pdf/20263161126458f92b642fb0.79054584.pdf
P38,Основне,Центр Разумкова,ФДІ; підтримка MATRA,Поступки та перехресні відповіді,2023-08-09,2023-08-15,09.08.2023–15.08.2023,,2019,Особисті інтерв’ю; стратифікована багатоступенева вибірка,18+; досліджувані підконтрольні території,Поступки та перехресні відповіді,Є перехресні таблиці загальної готовності та конкретних поступок. Бази підгруп треба враховувати.,D23P,,С. 18–20; пряме джерело для перевірки груп,"[{""start"": ""2023-08-09"", ""end"": ""2023-08-15""}]",D23P,Паспорт / методологічний опис опитування,2026-10-06,reported_day,Дати польового етапу наведені у паспорті джерела.,day,single_wave,https://dif.org.ua/uploads/pdf/5218145164e3a68337c8b9.90610544.pdf,https://dif.org.ua/uploads/pdf/5218145164e3a68337c8b9.90610544.pdf
P39,Основне,Центр Разумкова,ФДІ,В очікуванні справедливого миру,2024-11-29,2024-12-14,29.11.2024–14.12.2024,,1518,"Особисті інтерв’ю; випадковий відбір на початкових етапах, фінальні квоти",18+; підконтрольні території без бойових дій,В очікуванні справедливого миру,Формулювання і категорії перевірено за PDF; перехід між загальними компромісами й конкретними умовами не є зміною одного показника.,D24P,,Методологія: с. 2; повний PDF у папці,"[{""start"": ""2024-11-29"", ""end"": ""2024-12-14""}]",D24P,Паспорт / методологічний опис опитування,2026-10-06,reported_day,Дати польового етапу наведені у паспорті джерела.,day,single_wave,https://dif.org.ua/uploads/pdf/131731465867691949dc0107.85784408.pdf,https://dif.org.ua/uploads/pdf/131731465867691949dc0107.85784408.pdf
P40,Основне,Центр Разумкова,ФДІ,"Війна та дипломатія: переговори, поступки, гарантії",2024-08-08,2024-08-15,08.08.2024–15.08.2024,,2017,Особисті інтерв’ю,"Громадяни 18+ у 22 областях і Києві; без Криму, Донецької й Луганської областей, окупованих територій та місць активних бойових дій. Очні інтерв’ю, населення за кордоном не охоплено.",Передумови переговорів; юридичне визнання; НАТО/ЄС; припинення допомоги,Суміжний звіт. Релевантні питання та їх зіставність ще слід відібрати.,D24WAR,D24WARP,Знайдено тематичний повний звіт тієї ж хвилі,"[{""start"": ""2024-08-08"", ""end"": ""2024-08-15""}]",D24WARP,Паспорт / методологічний опис опитування,2026-10-06,reported_day,Дати польового етапу наведені у паспорті джерела.,day,single_wave,https://dif.org.ua/article/viyna-ta-diplomatiya-yak-ukraintsi-stavlyatsya-do-mozhlivikh-peregovoriv-i-garantiy-bezpeki,https://dif.org.ua/uploads/pdf/26101812866cf7edc6d9ab6.77981420.pdf
P41,Основне,Група «Рейтинг»,Власне дослідження,Прямі переговори та перемир’я без виведення РФ,2022-03-18,2022-03-18,18.03.2022,2022-03-20,1000,Телефонне CATI,"18+; усі області, крім окупованих Криму та Донбасу за описом джерела",Прямі переговори та перемир’я без виведення РФ,Переговори конкретних лідерів і умови перемир’я є різними питаннями.,RT22,,Первинна публікація; паспорт перевірено,"[{""start"": ""2022-03-18"", ""end"": ""2022-03-18""}]",RT22,Паспорт / методологічний опис опитування,2026-10-06,reported_day,Дати польового етапу наведені у паспорті джерела.,day,single_wave,https://www.ratinggroup.ua/news/pyatyy-obschenacionalnyy-opros-ukraina-v-usloviyah-voyny-18-marta-2022,https://www.ratinggroup.ua/news/pyatyy-obschenacionalnyy-opros-ukraina-v-usloviyah-voyny-18-marta-2022
P42,Основне,КМІС,Власне дослідження,Переговори під тиском ударів по енергетиці,2022-10-21,2022-10-23,21.10.2022–23.10.2022,,1000,CATI; випадкова вибірка мобільних номерів; зважування,Громадяни 18+ на підконтрольній уряду території України; без населення за кордоном та недоступних ТОТ,Переговори під тиском ударів по енергетиці,,K1151,,Паспорт і релевантний блок першоджерела перевірено,"[{""start"": ""2022-10-21"", ""end"": ""2022-10-23""}]",K1151,Паспорт / методологічний опис опитування,2026-10-06,reported_day,Дати польового етапу наведені у паспорті джерела.,day,single_wave,https://www.kiis.com.ua/?cat=reports&id=1151&lang=ukr,https://www.kiis.com.ua/?cat=reports&id=1151&lang=ukr
P43,Основне,КМІС,Власне дослідження,Три пакети мирної домовленості,2024-06-20,2024-06-25,20.06.2024–25.06.2024,,2008,CATI; випадкова вибірка мобільних номерів; зважування,Громадяни 18+ на підконтрольній уряду території України; без населення за кордоном та недоступних ТОТ,Три пакети мирної домовленості,Окрема від травневого територіального моніторингу хвиля,K1421,,Паспорт і релевантний блок першоджерела перевірено,"[{""start"": ""2024-06-20"", ""end"": ""2024-06-25""}]",K1421,Паспорт / методологічний опис опитування,2026-10-06,reported_day,Дати польового етапу наведені у паспорті джерела.,day,single_wave,https://www.kiis.com.ua/?cat=reports&id=1421&lang=ukr,https://www.kiis.com.ua/?cat=reports&id=1421&lang=ukr
P44,Основне,КМІС,Власне дослідження,30-денне перемир’я: підтримка та мотиви,2025-03-12,2025-03-22,12.03.2025–22.03.2025,,1326,CATI; випадкова вибірка мобільних номерів; зважування,Громадяни 18+ на підконтрольній уряду території України; без населення за кордоном та недоступних ТОТ,30-денне перемир’я: підтримка та мотиви,,K1509,,Паспорт і релевантний блок першоджерела перевірено,"[{""start"": ""2025-03-12"", ""end"": ""2025-03-22""}]",K1509,Паспорт / методологічний опис опитування,2026-10-06,reported_day,Дати польового етапу наведені у паспорті джерела.,day,single_wave,https://www.kiis.com.ua/?cat=reports&id=1509&lang=ukr,https://www.kiis.com.ua/?cat=reports&id=1509&lang=ukr
P45,Основне,КМІС,Власне дослідження,"Пакети РФ, США, України та Європи",2025-05-02,2025-05-12,02.05.2025–12.05.2025,,1010,CATI; випадкова вибірка мобільних номерів; зважування,Громадяни 18+ на підконтрольній уряду території України; без населення за кордоном та недоступних ТОТ,"Пакети РФ, США, України та Європи",Зміст пакетів змінювався; назва сторони не є незмінним стимулом.,K1530,,Паспорт і релевантний блок першоджерела перевірено,"[{""start"": ""2025-05-02"", ""end"": ""2025-05-12""}]",K1530,Паспорт / методологічний опис опитування,2026-10-06,reported_day,Дати польового етапу наведені у паспорті джерела.,day,single_wave,https://www.kiis.com.ua/?cat=reports&id=1530&lang=ukr,https://www.kiis.com.ua/?cat=reports&id=1530&lang=ukr
P46,Основне,КМІС,Власне дослідження,"Пакети РФ, США, України та Європи",2025-07-23,2025-08-04,23.07.2025–04.08.2025,,1022,CATI; випадкова вибірка мобільних номерів; зважування,Громадяни 18+ на підконтрольній уряду території України; без населення за кордоном та недоступних ТОТ,"Пакети РФ, США, України та Європи",Зміст пакетів змінювався; назва сторони не є незмінним стимулом.,K1543,,Паспорт і релевантний блок першоджерела перевірено,"[{""start"": ""2025-07-23"", ""end"": ""2025-08-04""}]",K1543,Паспорт / методологічний опис опитування,2026-10-06,reported_day,Дати польового етапу наведені у паспорті джерела.,day,single_wave,https://www.kiis.com.ua/?cat=reports&id=1543&lang=ukr,https://www.kiis.com.ua/?cat=reports&id=1543&lang=ukr
P47,Основне,КМІС,Власне дослідження,Оновлені пакети мирної домовленості,2025-09-02,2025-09-14,02.09.2025–14.09.2025,,1023,CATI; випадкова вибірка мобільних номерів; зважування,Громадяни 18+ на підконтрольній уряду території України; без населення за кордоном та недоступних ТОТ,Оновлені пакети мирної домовленості,Зміст пакетів змінювався; назва сторони не є незмінним стимулом.,K1551,,Паспорт і релевантний блок першоджерела перевірено,"[{""start"": ""2025-09-02"", ""end"": ""2025-09-14""}]",K1551,Паспорт / методологічний опис опитування,2026-10-06,reported_day,Дати польового етапу наведені у паспорті джерела.,day,single_wave,https://www.kiis.com.ua/?cat=reports&id=1551&lang=ukr,https://www.kiis.com.ua/?cat=reports&id=1551&lang=ukr
P48,Основне,КМІС,Власне дослідження,Територіальні поступки та пакети миру: фінальна груднева хвиля,2025-11-26,2025-12-29,26.11.2025–29.12.2025,2026-01-02,1001,CATI; випадкова вибірка мобільних номерів; зважування,Громадяни 18+ на підконтрольній уряду території України; без населення за кордоном та недоступних ТОТ,Територіальні поступки та пакети миру: фінальна груднева хвиля,"Попередній реліз K1569 (n=547, до 13.12) входить у цю вибірку; окремою незалежною хвилею не рахувати.",K1572,,Паспорт і релевантний блок першоджерела перевірено,"[{""start"": ""2025-11-26"", ""end"": ""2025-12-29""}]",K1572,Паспорт / методологічний опис опитування,2026-10-06,reported_day,Дати польового етапу наведені у паспорті джерела.,day,single_wave,https://www.kiis.com.ua/?cat=reports&id=1572&lang=ukr,https://www.kiis.com.ua/?cat=reports&id=1572&lang=ukr
P49,Основне,КМІС,Власне дослідження,Передача всього Донбасу в обмін на гарантії безпеки,2026-01-09,2026-01-14,09.01.2026–14.01.2026,,601,CATI; випадкова вибірка мобільних номерів; зважування,Громадяни 18+ на підконтрольній уряду території України; без населення за кордоном та недоступних ТОТ,Передача всього Донбасу в обмін на гарантії безпеки,,K1579,,Паспорт і релевантний блок першоджерела перевірено,"[{""start"": ""2026-01-09"", ""end"": ""2026-01-14""}]",K1579,Паспорт / методологічний опис опитування,2026-10-06,reported_day,Дати польового етапу наведені у паспорті джерела.,day,single_wave,https://www.kiis.com.ua/?cat=reports&id=1579&lang=ukr,https://www.kiis.com.ua/?cat=reports&id=1579&lang=ukr
P50,Основне,КМІС,Власне дослідження,Передача всього Донбасу в обмін на гарантії безпеки,2026-01-23,2026-01-29,23.01.2026–29.01.2026,,1003,CATI; випадкова вибірка мобільних номерів; зважування,Громадяни 18+ на підконтрольній уряду території України; без населення за кордоном та недоступних ТОТ,Передача всього Донбасу в обмін на гарантії безпеки,,K1583,,Паспорт і релевантний блок першоджерела перевірено,"[{""start"": ""2026-01-23"", ""end"": ""2026-01-29""}]",K1583,Паспорт / методологічний опис опитування,2026-10-06,reported_day,Дати польового етапу наведені у паспорті джерела.,day,single_wave,https://www.kiis.com.ua/?cat=reports&id=1583&lang=ukr,https://www.kiis.com.ua/?cat=reports&id=1583&lang=ukr
P51,Основне,КМІС,Власне дослідження,Передача всього Донбасу в обмін на гарантії безпеки,2026-03-01,2026-03-08,01.03.2026–08.03.2026,,1003,CATI; випадкова вибірка мобільних номерів; зважування,Громадяни 18+ на підконтрольній уряду території України; без населення за кордоном та недоступних ТОТ,Передача всього Донбасу в обмін на гарантії безпеки,,K1597,,Паспорт і релевантний блок першоджерела перевірено,"[{""start"": ""2026-03-01"", ""end"": ""2026-03-08""}]",K1597,Паспорт / методологічний опис опитування,2026-10-06,reported_day,Дати польового етапу наведені у паспорті джерела.,day,single_wave,https://www.kiis.com.ua/?cat=reports&id=1597&lang=ukr,https://www.kiis.com.ua/?cat=reports&id=1597&lang=ukr
P52,Основне,КМІС,Власне дослідження,Передача всього Донбасу в обмін на гарантії безпеки,2026-04-20,2026-04-27,20.04.2026–27.04.2026,,1005,CATI; випадкова вибірка мобільних номерів; зважування,Громадяни 18+ на підконтрольній уряду території України; без населення за кордоном та недоступних ТОТ,Передача всього Донбасу в обмін на гарантії безпеки,,K1608,,Паспорт і релевантний блок першоджерела перевірено,"[{""start"": ""2026-04-20"", ""end"": ""2026-04-27""}]",K1608,Паспорт / методологічний опис опитування,2026-10-06,reported_day,Дати польового етапу наведені у паспорті джерела.,day,single_wave,https://www.kiis.com.ua/?cat=reports&id=1608&lang=ukr,https://www.kiis.com.ua/?cat=reports&id=1608&lang=ukr
P53,Основне,КМІС,Власне дослідження,Експеримент: заморожування фронту за різних гарантій,2026-05-07,2026-06-03,07.05.2026–03.06.2026,,2007,CATI; випадкова вибірка мобільних номерів; зважування,Громадяни 18+ на підконтрольній уряду території України; без населення за кордоном та недоступних ТОТ,Експеримент: заморожування фронту за різних гарантій,Чотири випадкові підвибірки приблизно по 500; порівнюються різні люди.,K1615,,Паспорт і релевантний блок першоджерела перевірено,"[{""start"": ""2026-05-07"", ""end"": ""2026-06-03""}]",K1615,Паспорт / методологічний опис опитування,2026-10-06,reported_day,Дати польового етапу наведені у паспорті джерела.,day,single_wave,https://www.kiis.com.ua/?cat=reports&id=1615&lang=ukr,https://www.kiis.com.ua/?cat=reports&id=1615&lang=ukr
P54,Основне,КМІС,Власне дослідження,Опір чи виконання будь-яких вимог РФ під енергетичним тиском,2026-08-21,2026-09-10,21.08.2026–10.09.2026,,1003,CATI; випадкова вибірка мобільних номерів; зважування,Громадяни 18+ на підконтрольній уряду території України; без населення за кордоном та недоступних ТОТ,Опір чи виконання будь-яких вимог РФ під енергетичним тиском,,K1634,,Паспорт і релевантний блок першоджерела перевірено,"[{""start"": ""2026-08-21"", ""end"": ""2026-09-10""}]",K1634,Паспорт / методологічний опис опитування,2026-10-06,reported_day,Дати польового етапу наведені у паспорті джерела.,day,single_wave,https://www.kiis.com.ua/?cat=reports&id=1634&lang=ukr,https://www.kiis.com.ua/?cat=reports&id=1634&lang=ukr
P55,Основне,КМІС,National Democratic Institute (NDI),NDI: чи слід вступати в переговори для досягнення миру,2022-05-02,2022-05-11,02.05.2022–11.05.2022,,2500,CATI; випадкова вибірка мобільних номерів; зважування,Громадяни 18+ на підконтрольній уряду території України; без населення за кордоном та недоступних ТОТ,NDI: чи слід вступати в переговори для досягнення миру,,N22M,,Паспорт і релевантний блок першоджерела перевірено,"[{""start"": ""2022-05-02"", ""end"": ""2022-05-11""}]",N22M,Паспорт / методологічний опис опитування,2026-10-06,reported_day,Дати польового етапу наведені у паспорті джерела.,day,single_wave,https://www.ndi.org/sites/default/files/NDI%20Survey%20UKR.pdf,https://www.ndi.org/sites/default/files/NDI%20Survey%20UKR.pdf
P56,Основне,КМІС,National Democratic Institute (NDI),NDI: чи слід вступати в переговори для досягнення миру,2022-08-02,2022-08-09,02.08.2022–09.08.2022,,2510,CATI; випадкова вибірка мобільних номерів; зважування,Громадяни 18+ на підконтрольній уряду території України; без населення за кордоном та недоступних ТОТ,NDI: чи слід вступати в переговори для досягнення миру,,N22A,,Паспорт і релевантний блок першоджерела перевірено,"[{""start"": ""2022-08-02"", ""end"": ""2022-08-09""}]",N22A,Паспорт / методологічний опис опитування,2026-10-06,reported_day,Дати польового етапу наведені у паспорті джерела.,day,single_wave,https://www.ndi.org/sites/default/files/Opportunities%20and%20Challenges%20Facing%20Ukraine%E2%80%99s%20Democratic%20Transition%20August%20%28Ukrainian%29.pdf,https://www.ndi.org/sites/default/files/Opportunities%20and%20Challenges%20Facing%20Ukraine%E2%80%99s%20Democratic%20Transition%20August%20%28Ukrainian%29.pdf
P57,Основне,КМІС,National Democratic Institute (NDI),NDI: чи слід вступати в переговори для досягнення миру,2023-01-04,2023-01-16,04.01.2023–16.01.2023,,2508,CATI; випадкова вибірка мобільних номерів; зважування,Громадяни 18+ на підконтрольній уряду території України; без населення за кордоном та недоступних ТОТ,NDI: чи слід вступати в переговори для досягнення миру,,N23J,,Паспорт і релевантний блок першоджерела перевірено,"[{""start"": ""2023-01-04"", ""end"": ""2023-01-16""}]",N23J,Паспорт / методологічний опис опитування,2026-10-06,reported_day,Дати польового етапу наведені у паспорті джерела.,day,single_wave,https://www.ndi.org/sites/default/files/January_2023_Ukraine_wartime_survey_UKR.pdf,https://www.ndi.org/sites/default/files/January_2023_Ukraine_wartime_survey_UKR.pdf
P58,Основне,КМІС,National Democratic Institute (NDI),NDI: чи слід вступати в переговори для досягнення миру,2023-05-10,2023-05-21,10.05.2023–21.05.2023,,2509,CATI; випадкова вибірка мобільних номерів; зважування,Громадяни 18+ на підконтрольній уряду території України; без населення за кордоном та недоступних ТОТ,NDI: чи слід вступати в переговори для досягнення миру,,N23M,,Паспорт і релевантний блок першоджерела перевірено,"[{""start"": ""2023-05-10"", ""end"": ""2023-05-21""}]",N23M,Паспорт / методологічний опис опитування,2026-10-06,reported_day,Дати польового етапу наведені у паспорті джерела.,day,single_wave,https://www.ndi.org/sites/default/files/May%202023_wartime%20survey_Public%20version_Ukr.pdf,https://www.ndi.org/sites/default/files/May%202023_wartime%20survey_Public%20version_Ukr.pdf
P59,Основне,КМІС,National Democratic Institute (NDI),NDI: чи слід вступати в переговори для досягнення миру,2023-11-14,2023-11-22,14.11.2023–22.11.2023,,2516,CATI; випадкова вибірка мобільних номерів; зважування,Громадяни 18+ на підконтрольній уряду території України; без населення за кордоном та недоступних ТОТ,NDI: чи слід вступати в переговори для досягнення миру,,N23NU,,Паспорт і релевантний блок першоджерела перевірено,"[{""start"": ""2023-11-14"", ""end"": ""2023-11-22""}]",N23NU,Паспорт / методологічний опис опитування,2026-10-06,reported_day,Дати польового етапу наведені у паспорті джерела.,day,single_wave,https://www.ndi.org/sites/default/files/November%202023%20wartime%20survey_public_UKR.pptx.pdf,https://www.ndi.org/sites/default/files/November%202023%20wartime%20survey_public_UKR.pptx.pdf
P60,Основне,КМІС,National Democratic Institute (NDI),NDI: чи слід вступати в переговори для досягнення миру,2024-05-08,2024-05-25,08.05.2024–25.05.2024,,2508,CATI; випадкова вибірка мобільних номерів; зважування,Громадяни 18+ на підконтрольній уряду території України; без населення за кордоном та недоступних ТОТ,NDI: чи слід вступати в переговори для досягнення миру,,N24M,,Паспорт і релевантний блок першоджерела перевірено,"[{""start"": ""2024-05-08"", ""end"": ""2024-05-25""}]",N24M,Паспорт / методологічний опис опитування,2026-10-06,reported_day,Дати польового етапу наведені у паспорті джерела.,day,single_wave,https://www.ndi.org/sites/default/files/May%202024%20Opportunities%20and%20Challenges%20Facing%20Ukraine%E2%80%99s%20Democratic%20Transition%20%28Ukrainian%29.pdf,https://www.ndi.org/sites/default/files/May%202024%20Opportunities%20and%20Challenges%20Facing%20Ukraine%E2%80%99s%20Democratic%20Transition%20%28Ukrainian%29.pdf
P61,Основне,Центр Разумкова,Власне дослідження,Червоні лінії та мінімальні умови миру,2025-04-24,2025-05-04,24.04.2025–04.05.2025,,2021,"Особисте інтерв’ю; багатоступенева вибірка, статево-вікові квоти на останньому етапі",Громадяни 18+ на підконтрольній уряду території України; без населення за кордоном та недоступних ТОТ,Червоні лінії та мінімальні умови миру,,R25,,Паспорт і релевантний блок першоджерела перевірено,"[{""start"": ""2025-04-24"", ""end"": ""2025-05-04""}]",R25,Паспорт / методологічний опис опитування,2026-10-06,reported_day,Дати польового етапу наведені у паспорті джерела.,day,single_wave,https://razumkov.org.ua/en/research-areas/surveys/red-lines-for-ukraine-public-opinion-and-national-convictions-april-may-2025,https://razumkov.org.ua/en/research-areas/surveys/red-lines-for-ukraine-public-opinion-and-national-convictions-april-may-2025
P62,Основне,Центр Разумкова,Власне дослідження,Готовність виконати конкретні вимоги РФ,2025-02-28,2025-03-06,28.02.2025–06.03.2025,,2018,"Особисте інтерв’ю; багатоступенева вибірка, статево-вікові квоти на останньому етапі",Громадяни 18+ на підконтрольній уряду території України; без населення за кордоном та недоступних ТОТ,Готовність виконати конкретні вимоги РФ,,R25F,,Паспорт і релевантний блок першоджерела перевірено,"[{""start"": ""2025-02-28"", ""end"": ""2025-03-06""}]",R25F,Паспорт / методологічний опис опитування,2026-10-06,reported_day,Дати польового етапу наведені у паспорті джерела.,day,single_wave,https://razumkov.org.ua/napriamky/sotsiologichni-doslidzhennia/gotovnist-gromadian-ukrainy-do-postupok-zarady-prypynennia-viiny-liutyi-berezen-2025r,https://razumkov.org.ua/napriamky/sotsiologichni-doslidzhennia/gotovnist-gromadian-ukrainy-do-postupok-zarady-prypynennia-viiny-liutyi-berezen-2025r
P63,Основне,Центр Разумкова,ZN.UA,Мінімальні умови миру; опитування для ZN.UA,2024-06-20,2024-06-28,20.06.2024–28.06.2024,,,"Особисте інтерв’ю; багатоступенева вибірка, статево-вікові квоти на останньому етапі",Громадяни 18+ на підконтрольній уряду території України; без населення за кордоном та недоступних ТОТ,Мінімальні умови миру; опитування для ZN.UA,,ZN24,,Дати у первинній публікації замовника; територіальні відповіді також у ретроспективі Разумкова,"[{""start"": ""2024-06-20"", ""end"": ""2024-06-28""}]",ZN24,Паспорт / методологічний опис опитування,2026-10-06,reported_day,Дати польового етапу наведені у паспорті джерела.,day,single_wave,https://zn.ua/ukr/UKRAINE/vijna-chi-mir-ukrajintsi-khochut-povernuti-kordoni-1991-roku-ale-chijimi-rukami-rezultati-sotsiolohichnoho-doslidzhennja.html,https://zn.ua/ukr/UKRAINE/vijna-chi-mir-ukrajintsi-khochut-povernuti-kordoni-1991-roku-ale-chijimi-rukami-rezultati-sotsiolohichnoho-doslidzhennja.html
P64,Основне,Центр Разумкова,Центр Разумкова спільно з Київським Безпековим Форумом,Мінімальні умови миру: вересень 2025,2025-09-12,2025-09-17,12.09.2025–17.09.2025,2025-10-03,1210,"Особисте інтерв’ю (face-to-face); стратифікована багатоступенева вибірка, квоти на завершальному етапі.",Громадяни 18+ на підконтрольній уряду території України; без населення за кордоном та недоступних ТОТ,Мінімальні умови миру: вересень 2025,,R26FULL,DATE_R25S,Паспорт вересня 2025 знайдено; усі п’ять значень мінімальних умов миру збігаються з ретроспективою лютого 2026.,"[{""start"": ""2025-09-12"", ""end"": ""2025-09-17""}]",DATE_R25S,Паспорт на початку релізу; таблиця мінімальних умов миру,2026-10-06,reported_day,Дати польового етапу наведені у паспорті джерела.,day,single_wave,https://razumkov.org.ua/napriamky/sotsiologichni-doslidzhennia/otsinka-gromadianamy-sytuatsii-v-kraini-bachennia-shliakhiv-vyrishennia-bezpekovykh-problem-sichen-liutyi-2026r,https://razumkov.org.ua/anons/rezultaty-sotsiologichnogo-opytuvannia-shcho-provodylosia-sotsiologichnoiu-sluzhboiu-tsentru-razumkova-z-12-po-17-veresnia-2025-roku
P65,Основне,Центр Разумкова,Власне дослідження,Коли можна починати мирні переговори,2022-09,2022-10,09.2022–10.2022,,,Паспорт відповідної хвилі див. звіт; точні дні не перенесені,Громадяни 18+ на підконтрольній уряду території України; без населення за кордоном та недоступних ТОТ,Коли можна починати мирні переговори,,R24S,,"Три окремі твердження, офіційна ретроспектива на с.21","[{""start"": ""2022-09"", ""end"": ""2022-10""}]",R24S,Ретроспективна таблиця або підпис хвилі,2026-10-06,reported_month,Джерело позначає хвилю місяцем; точні дні цієї вибірки в доступному матеріалі не наведено. Дні не реконструйовано за сусідніми опитуваннями.,month,single_wave,https://razumkov.org.ua/images/2024/12/10/2024-PAKT-November-RC.pdf,https://razumkov.org.ua/images/2024/12/10/2024-PAKT-November-RC.pdf
P66,Основне,Центр Разумкова,Власне дослідження,Коли можна починати мирні переговори,2023-02-22,2023-03-01,22.02.2023–01.03.2023,,2020,"Особисте інтерв’ю (face-to-face); стратифікована багатоступенева вибірка, квоти на завершальному етапі.",Громадяни 18+ на підконтрольній уряду території України; без населення за кордоном та недоступних ТОТ,Коли можна починати мирні переговори,,R24S,DATE_R23F,Дати й n підтверджено первинним релізом хвилі; три твердження звірено з ретроспективою.,"[{""start"": ""2023-02-22"", ""end"": ""2023-03-01""}]",DATE_R23F,Паспорт на початку релізу; таблиця трьох тверджень про переговори,2026-10-06,reported_day,Дати польового етапу наведені у паспорті джерела.,day,single_wave,https://razumkov.org.ua/images/2024/12/10/2024-PAKT-November-RC.pdf,https://razumkov.org.ua/napriamky/sotsiologichni-doslidzhennia/gromadska-dumka-pro-viinu-peremogu-ta-garantii-bezpeky-liutyi-berezen-2023r
P67,Основне,Центр Разумкова,Власне дослідження,Коли можна починати мирні переговори,2023-09,2023-10,09.2023–10.2023,,,Паспорт відповідної хвилі див. звіт; точні дні не перенесені,Громадяни 18+ на підконтрольній уряду території України; без населення за кордоном та недоступних ТОТ,Коли можна починати мирні переговори,,R24S,,"Три окремі твердження, офіційна ретроспектива на с.21","[{""start"": ""2023-09"", ""end"": ""2023-10""}]",R24S,Ретроспективна таблиця або підпис хвилі,2026-10-06,reported_month,Джерело позначає хвилю місяцем; точні дні цієї вибірки в доступному матеріалі не наведено. Дні не реконструйовано за сусідніми опитуваннями.,month,single_wave,https://razumkov.org.ua/images/2024/12/10/2024-PAKT-November-RC.pdf,https://razumkov.org.ua/images/2024/12/10/2024-PAKT-November-RC.pdf
P68,Основне,Центр Разумкова,Власне дослідження,Коли можна починати мирні переговори,2024-09-20,2024-09-26,20.09.2024–26.09.2024,,2016,"Особисте інтерв’ю (face-to-face); стратифікована багатоступенева вибірка, квоти на завершальному етапі.",Громадяни 18+ на підконтрольній уряду території України; без населення за кордоном та недоступних ТОТ,Коли можна починати мирні переговори,,R24S,,Паспорт на с. 19 і результати на с. 21 того самого звіту.,"[{""start"": ""2024-09-20"", ""end"": ""2024-09-26""}]",R24S,"PDF, с. 19 (паспорт), с. 21 (результати)",2026-10-06,reported_day,Дати польового етапу наведені у паспорті джерела.,day,single_wave,https://razumkov.org.ua/images/2024/12/10/2024-PAKT-November-RC.pdf,https://razumkov.org.ua/images/2024/12/10/2024-PAKT-November-RC.pdf
P69,Основне / окремий виконавець,Центр політичної соціології,ФДІ ім. Ілька Кучеріва та ОПОРА,"Війна, мир, перемога, майбутнє",2023-06-05,2023-06-15,05.06.2023–15.06.2023,,2001,Особисте інтерв’ю face-to-face,Громадяни 18+ на підконтрольній уряду території України; без населення за кордоном та недоступних ТОТ,"Війна, мир, перемога, майбутнє",Не приписувати польові роботи Разумкову: виконавець Центр політичної соціології.,D23J,,Паспорт і релевантний блок першоджерела перевірено,"[{""start"": ""2023-06-05"", ""end"": ""2023-06-15""}]",D23J,Паспорт / методологічний опис опитування,2026-10-06,reported_day,Дати польового етапу наведені у паспорті джерела.,day,single_wave,https://oporaua.org/viyna/analitichnii-zvit-za-pidsumkami-opituvannia-viina-mir-peremoga-maibutnie-24828,https://oporaua.org/viyna/analitichnii-zvit-za-pidsumkami-opituvannia-viina-mir-peremoga-maibutnie-24828
P70,Основне,Соціологічна група «Рейтинг»,Carnegie Endowment for International Peace,"Carnegie: переговори, поступки, умови відмови",2024-03-07,2024-03-10,07.03.2024–10.03.2024,,2000,CATI; випадкова вибірка мобільних номерів; зважування,Громадяни 18+ на підконтрольній уряду території України; без населення за кордоном та недоступних ТОТ,"Carnegie: переговори, поступки, умови відмови",,C24,C24P,Паспорт і релевантний блок першоджерела перевірено,"[{""start"": ""2024-03-07"", ""end"": ""2024-03-10""}]",C24P,Паспорт / методологічний опис опитування,2026-10-06,reported_day,Дати польового етапу наведені у паспорті джерела.,day,single_wave,https://carnegieendowment.org/research/2024/06/ukraine-public-opinion-russia-war?center=india,https://assets.carnegieendowment.org/static/files/Carnegie_survey_Ukraine_war_Ukrainian_public_opinion_March_2024.pdf
P71,Відомий український / додаткове,SOCIS,SOCIS; у червні 2025 також Інститут «Янус»,Барометр: сценарії завершення війни та поступки,2024-05-08,2024-05-14,08.05.2024–14.05.2024,,2000,CATI за паспортом; квотна стратифікована вибірка,Громадяни 18+ на підконтрольній уряду території України; без населення за кордоном та недоступних ТОТ,Барометр: сценарії завершення війни та поступки,"Квотна вибірка; паспорт каже «наближена до репрезентативної». Березень 2025: 16+, інші наведені хвилі: 18+.",SC20240520,SC20240520P,Паспорт і релевантний блок першоджерела перевірено,"[{""start"": ""2024-05-08"", ""end"": ""2024-05-14""}]",SC20240520P,Паспорт / методологічний опис опитування,2026-10-06,reported_day,Дати польового етапу наведені у паспорті джерела.,day,single_wave,https://socis.kiev.ua/ua/2024-05-20/,https://socis.kiev.ua/wp-content/uploads/2024/10/Prezent_CEA_UA_n2000_traven.pdf
P72,Відомий український / додаткове,SOCIS,SOCIS; у червні 2025 також Інститут «Янус»,Барометр: сценарії завершення війни та поступки,2025-02-03,2025-02-09,03.02.2025–09.02.2025,,2000,CAPI; квотна стратифікована вибірка,Громадяни 18+ на підконтрольній уряду території України; без населення за кордоном та недоступних ТОТ,Барометр: сценарії завершення війни та поступки,"Квотна вибірка; паспорт каже «наближена до репрезентативної». Березень 2025: 16+, інші наведені хвилі: 18+.",SC202502,SC202502P,Паспорт і релевантний блок першоджерела перевірено,"[{""start"": ""2025-02-03"", ""end"": ""2025-02-09""}]",SC202502P,Паспорт / методологічний опис опитування,2026-10-06,reported_day,Дати польового етапу наведені у паспорті джерела.,day,single_wave,https://socis.kiev.ua/ua/2025-02/,https://socis.kiev.ua/wp-content/uploads/2025/03/Present_UA_Barometr_F2F_n2000_Februar_2025.pdf
P73,Відомий український / додаткове,SOCIS,SOCIS; у червні 2025 також Інститут «Янус»,Барометр: сценарії завершення війни та поступки,2025-03-14,2025-03-23,14.03.2025–23.03.2025,,2000,CAPI; квотна стратифікована вибірка; 16+,Громадяни 18+ на підконтрольній уряду території України; без населення за кордоном та недоступних ТОТ,Барометр: сценарії завершення війни та поступки,"Квотна вибірка; паспорт каже «наближена до репрезентативної». Березень 2025: 16+, інші наведені хвилі: 18+.",SC202503,SC202503P,Паспорт і релевантний блок першоджерела перевірено,"[{""start"": ""2025-03-14"", ""end"": ""2025-03-23""}]",SC202503P,Паспорт / методологічний опис опитування,2026-10-06,reported_day,Дати польового етапу наведені у паспорті джерела.,day,single_wave,https://socis.kiev.ua/ua/2025-03/,https://socis.kiev.ua/wp-content/uploads/2025/03/Present_UA_Barometr_F2F_n2000_March_2025_1.pdf
P74,Відомий український / додаткове,SOCIS,SOCIS; у червні 2025 також Інститут «Янус»,Барометр: сценарії завершення війни та поступки,2025-06-06,2025-06-11,06.06.2025–11.06.2025,,2000,CAPI; квотна стратифікована вибірка,Громадяни 18+ на підконтрольній уряду території України; без населення за кордоном та недоступних ТОТ,Барометр: сценарії завершення війни та поступки,"Квотна вибірка; паспорт каже «наближена до репрезентативної». Березень 2025: 16+, інші наведені хвилі: 18+.",SC20250625,SC20250625P,Паспорт і релевантний блок першоджерела перевірено,"[{""start"": ""2025-06-06"", ""end"": ""2025-06-11""}]",SC20250625P,Паспорт / методологічний опис опитування,2026-10-06,reported_day,Дати польового етапу наведені у паспорті джерела.,day,single_wave,https://socis.kiev.ua/ua/2025-06-25/,https://socis.kiev.ua/wp-content/uploads/2025/06/2025-06-25.pdf
P75,Відомий український / додаткове,SOCIS,SOCIS; у червні 2025 також Інститут «Янус»,Барометр: сценарії завершення війни та поступки,2025-10-10,2025-10-16,10.10.2025–16.10.2025,,2000,CAPI; квотна стратифікована вибірка,Громадяни 18+ на підконтрольній уряду території України; без населення за кордоном та недоступних ТОТ,Барометр: сценарії завершення війни та поступки,"Квотна вибірка; паспорт каже «наближена до репрезентативної». Березень 2025: 16+, інші наведені хвилі: 18+.",SC20251121,SC20251121P,Паспорт і релевантний блок першоджерела перевірено,"[{""start"": ""2025-10-10"", ""end"": ""2025-10-16""}]",SC20251121P,Паспорт / методологічний опис опитування,2026-10-06,reported_day,Дати польового етапу наведені у паспорті джерела.,day,single_wave,https://socis.kiev.ua/ua/2025-11-21/,https://socis.kiev.ua/wp-content/uploads/2025/11/Present_UA_Barometr_F2F_n2000_Oktober_2025.pdf
P76,Відомий український / додаткове,SOCIS,SOCIS; у червні 2025 також Інститут «Янус»,Барометр: сценарії завершення війни та поступки,2025-12-12,2025-12-18,12.12.2025–18.12.2025,,2000,CAPI; квотна стратифікована вибірка,Громадяни 18+ на підконтрольній уряду території України; без населення за кордоном та недоступних ТОТ,Барометр: сценарії завершення війни та поступки,"Квотна вибірка; паспорт каже «наближена до репрезентативної». Березень 2025: 16+, інші наведені хвилі: 18+.",SC20251224,SC20251224P,Паспорт і релевантний блок першоджерела перевірено,"[{""start"": ""2025-12-12"", ""end"": ""2025-12-18""}]",SC20251224P,Паспорт / методологічний опис опитування,2026-10-06,reported_day,Дати польового етапу наведені у паспорті джерела.,day,single_wave,https://socis.kiev.ua/ua/2025-12-24/,https://socis.kiev.ua/wp-content/uploads/2025/12/Present_UA_Barometr_F2F_n2000_December_2025.pdf
P77,Відомий український / ретроспектива,SOCIS,Власне дослідження,Сценарії завершення війни: ретроспективна точка,2024-02-22,2024-03-01,22.02.2024–01.03.2024,,3000,Телефонне опитування (CATI); квотна стратифікована вибірка.,Громадяни 18+ на підконтрольній уряду території України; без населення за кордоном та недоступних ТОТ,Сценарії завершення війни: ретроспективна точка,,SC20240520P,DATE_SC24M,"Первинний березневий звіт: n=3000; с. 20 містить ті самі 36,1/33,5/11,0/8,2%, що й ретроспектива.","[{""start"": ""2024-02-22"", ""end"": ""2024-03-01""}]",DATE_SC24M,"Розділ «Інформація про дослідження»; звіт березня, с. 20",2026-10-06,reported_day,Хвиля під назвою «березень 2024» фактично тривала 22.02–01.03.2024.,day,single_wave,https://socis.kiev.ua/wp-content/uploads/2024/10/Prezent_CEA_UA_n2000_traven.pdf,https://socis.kiev.ua/ua/2024-03-05/
P78,Відомий український / ретроспектива,SOCIS,Власне дослідження,Сценарії завершення війни: ретроспективна точка,2024-10,2024-10,10.2024,,,У ретроспективному графіку немає окремого паспорта хвилі,Громадяни 18+ на підконтрольній уряду території України; без населення за кордоном та недоступних ТОТ,Сценарії завершення війни: ретроспективна точка,,SC20251121P,,"Офіційний ретрографік, с.47; дату публікації не прийнято за дату поля","[{""start"": ""2024-10"", ""end"": ""2024-10""}]",SC20251121P,"PDF, с. 47: підписи хвиль",2026-10-06,reported_month,У графіку SOCIS наведено лише місяць хвилі. У каталозі публікацій SOCIS окремого паспорта цієї хвилі не знайдено; паспорт жовтня 2025 не поширено на ретроспективні точки.,month,single_wave,https://socis.kiev.ua/wp-content/uploads/2025/11/Present_UA_Barometr_F2F_n2000_Oktober_2025.pdf,https://socis.kiev.ua/wp-content/uploads/2025/11/Present_UA_Barometr_F2F_n2000_Oktober_2025.pdf
P79,Відомий український / ретроспектива,SOCIS,Власне дослідження,Сценарії завершення війни: ретроспективна точка,2024-12,2024-12,12.2024,,,У ретроспективному графіку немає окремого паспорта хвилі,Громадяни 18+ на підконтрольній уряду території України; без населення за кордоном та недоступних ТОТ,Сценарії завершення війни: ретроспективна точка,,SC20251121P,,"Офіційний ретрографік, с.47; дату публікації не прийнято за дату поля","[{""start"": ""2024-12"", ""end"": ""2024-12""}]",SC20251121P,"PDF, с. 47: підписи хвиль",2026-10-06,reported_month,У графіку SOCIS наведено лише місяць хвилі. У каталозі публікацій SOCIS окремого паспорта цієї хвилі не знайдено; паспорт жовтня 2025 не поширено на ретроспективні точки.,month,single_wave,https://socis.kiev.ua/wp-content/uploads/2025/11/Present_UA_Barometr_F2F_n2000_Oktober_2025.pdf,https://socis.kiev.ua/wp-content/uploads/2025/11/Present_UA_Barometr_F2F_n2000_Oktober_2025.pdf
P80,Відомий український / ретроспектива,SOCIS,Власне дослідження,Сценарії завершення війни: ретроспективна точка,2025-04,2025-04,04.2025,,,У ретроспективному графіку немає окремого паспорта хвилі,Громадяни 18+ на підконтрольній уряду території України; без населення за кордоном та недоступних ТОТ,Сценарії завершення війни: ретроспективна точка,,SC20251121P,,"Офіційний ретрографік, с.47; дату публікації не прийнято за дату поля","[{""start"": ""2025-04"", ""end"": ""2025-04""}]",SC20251121P,"PDF, с. 47: підписи хвиль",2026-10-06,reported_month,У графіку SOCIS наведено лише місяць хвилі. У каталозі публікацій SOCIS окремого паспорта цієї хвилі не знайдено; паспорт жовтня 2025 не поширено на ретроспективні точки.,month,single_wave,https://socis.kiev.ua/wp-content/uploads/2025/11/Present_UA_Barometr_F2F_n2000_Oktober_2025.pdf,https://socis.kiev.ua/wp-content/uploads/2025/11/Present_UA_Barometr_F2F_n2000_Oktober_2025.pdf
P81,Відомий український / ретроспектива,SOCIS,Власне дослідження,Сценарії завершення війни: ретроспективна точка,2025-09,2025-09,09.2025,,,У ретроспективному графіку немає окремого паспорта хвилі,Громадяни 18+ на підконтрольній уряду території України; без населення за кордоном та недоступних ТОТ,Сценарії завершення війни: ретроспективна точка,,SC20251121P,,"Офіційний ретрографік, с.47; дату публікації не прийнято за дату поля","[{""start"": ""2025-09"", ""end"": ""2025-09""}]",SC20251121P,"PDF, с. 47: підписи хвиль",2026-10-06,reported_month,У графіку SOCIS наведено лише місяць хвилі. У каталозі публікацій SOCIS окремого паспорта цієї хвилі не знайдено; паспорт жовтня 2025 не поширено на ретроспективні точки.,month,single_wave,https://socis.kiev.ua/wp-content/uploads/2025/11/Present_UA_Barometr_F2F_n2000_Oktober_2025.pdf,https://socis.kiev.ua/wp-content/uploads/2025/11/Present_UA_Barometr_F2F_n2000_Oktober_2025.pdf
P82,Відомий український / контекст,SOCIS,Власне дослідження,Очікуваний результат війни,2026-07-28,2026-08-02,28.07.2026–02.08.2026,,2000,CAPI; квотна стратифікована вибірка,Громадяни 18+ на підконтрольній уряду території України; без населення за кордоном та недоступних ТОТ,Очікуваний результат війни,,SC20260806,SC20260806P,Паспорт і релевантний блок першоджерела перевірено,"[{""start"": ""2026-07-28"", ""end"": ""2026-08-02""}]",SC20260806P,Паспорт / методологічний опис опитування,2026-10-06,reported_day,Дати польового етапу наведені у паспорті джерела.,day,single_wave,https://socis.kiev.ua/ua/2026-08-06/,https://socis.kiev.ua/wp-content/uploads/2026/08/Present_UA_Barometr_F2F_n2000_August_2026.pdf
P83,Академічне / додаткове,Інститут соціології НАН України / WDLS,Академічний проєкт; NSF / Petrach Program; стаття PONARS,War and Democracy Longitudinal Study: переговори та території,2024-11,2024-11,11.2024,,765,Панель із первинним імовірнісним рекрутуванням; спосіб інтерв’ю у статті не деталізовано,Громадяни 18+ на підконтрольній уряду території України; без населення за кордоном та недоступних ТОТ,War and Democracy Longitudinal Study: переговори та території,"Повторні інтерв’ю; відсів панелі. У тексті липень–серпень n=536, далі n=539 — внутрішня неузгодженість джерела.",PON25,,Результати й позначення хвилі звірено з ретроспективою; окремий польовий паспорт у ній не наведено.,"[{""start"": ""2024-11"", ""end"": ""2024-11""}]",PON25,"Розділ про WDLS, Wave 6, N=765",2026-10-06,reported_month,Авторська публікація називає листопад 2024 і n=765; конкретних днів шостої хвилі не наводить.,month,single_wave,https://www.ponarseurasia.org/where-concessions-meet-resolve-how-ukrainian-society-sees-u-s-efforts-to-end-russias-war/,https://www.ponarseurasia.org/where-concessions-meet-resolve-how-ukrainian-society-sees-u-s-efforts-to-end-russias-war/
P84,Академічне / додаткове,Інститут соціології НАН України / WDLS,Академічний проєкт; NSF / Petrach Program; стаття PONARS,War and Democracy Longitudinal Study: переговори та території,2025-07-17,2025-08-14,17.07.2025–14.08.2025,,536,Панель із первинним імовірнісним рекрутуванням; спосіб інтерв’ю у статті не деталізовано,Громадяни 18+ на підконтрольній уряду території України; без населення за кордоном та недоступних ТОТ,War and Democracy Longitudinal Study: переговори та території,"Повторні інтерв’ю; відсів панелі. У тексті липень–серпень n=536, далі n=539 — внутрішня неузгодженість джерела.",PON25,,Паспорт і релевантний блок першоджерела перевірено,"[{""start"": ""2025-07-17"", ""end"": ""2025-08-14""}]",PON25,Паспорт / методологічний опис опитування,2026-10-06,reported_day,Дати польового етапу наведені у паспорті джерела.,day,single_wave,https://www.ponarseurasia.org/where-concessions-meet-resolve-how-ukrainian-society-sees-u-s-efforts-to-end-russias-war/,https://www.ponarseurasia.org/where-concessions-meet-resolve-how-ukrainian-society-sees-u-s-efforts-to-end-russias-war/
P85,Академічне / додаткове,Інститут соціології НАН України / WDLS,Академічний проєкт; NSF / Petrach Program; стаття PONARS,War and Democracy Longitudinal Study: переговори та території,2025-08-21,2025-08-25,21.08.2025–25.08.2025,,485,Панель із первинним імовірнісним рекрутуванням; спосіб інтерв’ю у статті не деталізовано,Громадяни 18+ на підконтрольній уряду території України; без населення за кордоном та недоступних ТОТ,War and Democracy Longitudinal Study: переговори та території,"Повторні інтерв’ю; відсів панелі. У тексті липень–серпень n=536, далі n=539 — внутрішня неузгодженість джерела.",PON25,,Паспорт і релевантний блок першоджерела перевірено,"[{""start"": ""2025-08-21"", ""end"": ""2025-08-25""}]",PON25,Паспорт / методологічний опис опитування,2026-10-06,reported_day,Дати польового етапу наведені у паспорті джерела.,day,single_wave,https://www.ponarseurasia.org/where-concessions-meet-resolve-how-ukrainian-society-sees-u-s-efforts-to-end-russias-war/,https://www.ponarseurasia.org/where-concessions-meet-resolve-how-ukrainian-society-sees-u-s-efforts-to-end-russias-war/
P86,Основне,Соціологічна група «Рейтинг»,International Republican Institute (IRI),IRI: особисто прийнятні поступки для завершення війни,2022-03-30,2022-04-02,30.03.2022–02.04.2022,,2001,CATI; випадкова вибірка мобільних номерів; зважування,Громадяни 18+ на підконтрольній уряду території України; без населення за кордоном та недоступних ТОТ,IRI: особисто прийнятні поступки для завершення війни,,IR22A,,Паспорт і релевантний блок першоджерела перевірено,"[{""start"": ""2022-03-30"", ""end"": ""2022-04-02""}]",IR22A,Паспорт / методологічний опис опитування,2026-10-06,reported_day,Дати польового етапу наведені у паспорті джерела.,day,single_wave,https://iri.org/wp-content/uploads/2022/05/2022-April-Survey-of-Residents-of-Ukraine_ENG.pdf,https://iri.org/wp-content/uploads/2022/05/2022-April-Survey-of-Residents-of-Ukraine_ENG.pdf
P87,Основне,Соціологічна група «Рейтинг»,International Republican Institute (IRI),IRI: особисто прийнятні поступки для завершення війни,2022-06-27,2022-06-28,27.06.2022–28.06.2022,,2004,CATI; випадкова вибірка мобільних номерів; зважування,Громадяни 18+ на підконтрольній уряду території України; без населення за кордоном та недоступних ТОТ,IRI: особисто прийнятні поступки для завершення війни,,IR22J,,Паспорт і релевантний блок першоджерела перевірено,"[{""start"": ""2022-06-27"", ""end"": ""2022-06-28""}]",IR22J,Паспорт / методологічний опис опитування,2026-10-06,reported_day,Дати польового етапу наведені у паспорті джерела.,day,single_wave,https://www.iri.org/wp-content/uploads/2022/08/2022-June-Survey_ENG_CSIR-APPROVED.pdf,https://www.iri.org/wp-content/uploads/2022/08/2022-June-Survey_ENG_CSIR-APPROVED.pdf
P88,Основне,Info Sapiens,Власне дослідження,Вимоги РФ та оптимізм щодо переговорів,2022-03-28,2022-03-29,28.03.2022–29.03.2022,,1033,CATI; випадкова вибірка мобільних номерів; зважування,Громадяни 18+ на підконтрольній уряду території України; без населення за кордоном та недоступних ТОТ,Вимоги РФ та оптимізм щодо переговорів,,IS22,,Паспорт і релевантний блок першоджерела перевірено,"[{""start"": ""2022-03-28"", ""end"": ""2022-03-29""}]",IS22,Паспорт / методологічний опис опитування,2026-10-06,reported_day,Дати польового етапу наведені у паспорті джерела.,day,single_wave,https://www.sapiens.com.ua/publications/socpol-research/211/Release_IS_war_fin_30_03.pdf,https://www.sapiens.com.ua/publications/socpol-research/211/Release_IS_war_fin_30_03.pdf
P89,Основне,Info Sapiens,Власне дослідження,Заборона вступу до НАТО як умова завершення війни,2022-03-14,2022-03-15,14.03.2022–15.03.2022,,1032,Паспорт цієї ранньої хвилі у пізнішому релізі не наведений,Громадяни 18+ на підконтрольній уряду території України; без населення за кордоном та недоступних ТОТ,Заборона вступу до НАТО як умова завершення війни,,IS22,,"Дати, n=1032 і всі три категорії відповіді звірено візуально з легендою та стовпчиками графіка на с. 1.","[{""start"": ""2022-03-14"", ""end"": ""2022-03-15""}]",IS22,"PDF, с. 1, легенда графіка",2026-10-06,retrospective_day,Легенда графіка прямо називає 14–15 березня та n=1032. Окремого методологічного паспорта цієї хвилі у релізі немає.,day,single_wave,https://www.sapiens.com.ua/publications/socpol-research/211/Release_IS_war_fin_30_03.pdf,https://www.sapiens.com.ua/publications/socpol-research/211/Release_IS_war_fin_30_03.pdf
P90,Основне,Соціологічна група «Рейтинг»,Власне дослідження,Реальний шлях завершення війни: ретроспективна точка,2022-03,2022-03,03.2022,,,Метод окремої історичної хвилі не вказано в ретрографіку,Громадяни 18+ на підконтрольній уряду території України; без населення за кордоном та недоступних ТОТ,Реальний шлях завершення війни: ретроспективна точка,Може збігатися з іншою публікацією Рейтингу за цей місяць; без паспорта не оголошується незалежною додатковою вибіркою.,RT25FP,,Офіційна ретроспектива с.17; точні дні й n не підмінені паспортом 2025,"[{""start"": ""2022-03"", ""end"": ""2022-03""}]",RT25FP,"PDF, с. 17: графік «реалістичний варіант закінчення війни»",2026-10-06,reported_month,Підпис у ретрографіку має точність до місяця. Опубліковані в тому самому місяці звіти не ототожнено з цією точкою без збігу питання й результатів; дні та n не визначені.,month,single_wave,https://cdn.prod.website-files.com/685c279caf66f4023ad2cab4/68cbec9ad857580e525af216_RG_Ukraine_Monitoring_Leaders_CATI_022025%20press.pdf,https://cdn.prod.website-files.com/685c279caf66f4023ad2cab4/68cbec9ad857580e525af216_RG_Ukraine_Monitoring_Leaders_CATI_022025%20press.pdf
P91,Основне,Соціологічна група «Рейтинг»,Власне дослідження,Реальний шлях завершення війни: ретроспективна точка,2022-04,2022-04,04.2022,,,Метод окремої історичної хвилі не вказано в ретрографіку,Громадяни 18+ на підконтрольній уряду території України; без населення за кордоном та недоступних ТОТ,Реальний шлях завершення війни: ретроспективна точка,Може збігатися з іншою публікацією Рейтингу за цей місяць; без паспорта не оголошується незалежною додатковою вибіркою.,RT25FP,,Офіційна ретроспектива с.17; точні дні й n не підмінені паспортом 2025,"[{""start"": ""2022-04"", ""end"": ""2022-04""}]",RT25FP,"PDF, с. 17: графік «реалістичний варіант закінчення війни»",2026-10-06,reported_month,Підпис у ретрографіку має точність до місяця. Опубліковані в тому самому місяці звіти не ототожнено з цією точкою без збігу питання й результатів; дні та n не визначені.,month,single_wave,https://cdn.prod.website-files.com/685c279caf66f4023ad2cab4/68cbec9ad857580e525af216_RG_Ukraine_Monitoring_Leaders_CATI_022025%20press.pdf,https://cdn.prod.website-files.com/685c279caf66f4023ad2cab4/68cbec9ad857580e525af216_RG_Ukraine_Monitoring_Leaders_CATI_022025%20press.pdf
P92,Основне,Соціологічна група «Рейтинг»,Власне дослідження,Реальний шлях завершення війни: ретроспективна точка,2022-06,2022-06,06.2022,,,Метод окремої історичної хвилі не вказано в ретрографіку,Громадяни 18+ на підконтрольній уряду території України; без населення за кордоном та недоступних ТОТ,Реальний шлях завершення війни: ретроспективна точка,Може збігатися з іншою публікацією Рейтингу за цей місяць; без паспорта не оголошується незалежною додатковою вибіркою.,RT25FP,,Офіційна ретроспектива с.17; точні дні й n не підмінені паспортом 2025,"[{""start"": ""2022-06"", ""end"": ""2022-06""}]",RT25FP,"PDF, с. 17: графік «реалістичний варіант закінчення війни»",2026-10-06,reported_month,Підпис у ретрографіку має точність до місяця. Опубліковані в тому самому місяці звіти не ототожнено з цією точкою без збігу питання й результатів; дні та n не визначені.,month,single_wave,https://cdn.prod.website-files.com/685c279caf66f4023ad2cab4/68cbec9ad857580e525af216_RG_Ukraine_Monitoring_Leaders_CATI_022025%20press.pdf,https://cdn.prod.website-files.com/685c279caf66f4023ad2cab4/68cbec9ad857580e525af216_RG_Ukraine_Monitoring_Leaders_CATI_022025%20press.pdf
P93,Основне,Соціологічна група «Рейтинг»,Власне дослідження,Реальний шлях завершення війни: ретроспективна точка,2023-02,2023-02,02.2023,,,Метод окремої історичної хвилі не вказано в ретрографіку,Громадяни 18+ на підконтрольній уряду території України; без населення за кордоном та недоступних ТОТ,Реальний шлях завершення війни: ретроспективна точка,Може збігатися з іншою публікацією Рейтингу за цей місяць; без паспорта не оголошується незалежною додатковою вибіркою.,RT25FP,,Офіційна ретроспектива с.17; точні дні й n не підмінені паспортом 2025,"[{""start"": ""2023-02"", ""end"": ""2023-02""}]",RT25FP,"PDF, с. 17: графік «реалістичний варіант закінчення війни»",2026-10-06,reported_month,Підпис у ретрографіку має точність до місяця. Опубліковані в тому самому місяці звіти не ототожнено з цією точкою без збігу питання й результатів; дні та n не визначені.,month,single_wave,https://cdn.prod.website-files.com/685c279caf66f4023ad2cab4/68cbec9ad857580e525af216_RG_Ukraine_Monitoring_Leaders_CATI_022025%20press.pdf,https://cdn.prod.website-files.com/685c279caf66f4023ad2cab4/68cbec9ad857580e525af216_RG_Ukraine_Monitoring_Leaders_CATI_022025%20press.pdf
P94,Основне,Соціологічна група «Рейтинг»,Власне дослідження,Реальний шлях завершення війни: ретроспективна точка,2023-07,2023-07,07.2023,,,Метод окремої історичної хвилі не вказано в ретрографіку,Громадяни 18+ на підконтрольній уряду території України; без населення за кордоном та недоступних ТОТ,Реальний шлях завершення війни: ретроспективна точка,Може збігатися з іншою публікацією Рейтингу за цей місяць; без паспорта не оголошується незалежною додатковою вибіркою.,RT25FP,,Офіційна ретроспектива с.17; точні дні й n не підмінені паспортом 2025,"[{""start"": ""2023-07"", ""end"": ""2023-07""}]",RT25FP,"PDF, с. 17: графік «реалістичний варіант закінчення війни»",2026-10-06,reported_month,Підпис у ретрографіку має точність до місяця. Опубліковані в тому самому місяці звіти не ототожнено з цією точкою без збігу питання й результатів; дні та n не визначені.,month,single_wave,https://cdn.prod.website-files.com/685c279caf66f4023ad2cab4/68cbec9ad857580e525af216_RG_Ukraine_Monitoring_Leaders_CATI_022025%20press.pdf,https://cdn.prod.website-files.com/685c279caf66f4023ad2cab4/68cbec9ad857580e525af216_RG_Ukraine_Monitoring_Leaders_CATI_022025%20press.pdf
P95,Основне,Соціологічна група «Рейтинг»,Власне дослідження,Реальний шлях завершення війни: ретроспективна точка,2023-09,2023-09,09.2023,,,Метод окремої історичної хвилі не вказано в ретрографіку,Громадяни 18+ на підконтрольній уряду території України; без населення за кордоном та недоступних ТОТ,Реальний шлях завершення війни: ретроспективна точка,Може збігатися з іншою публікацією Рейтингу за цей місяць; без паспорта не оголошується незалежною додатковою вибіркою.,RT25FP,,Офіційна ретроспектива с.17; точні дні й n не підмінені паспортом 2025,"[{""start"": ""2023-09"", ""end"": ""2023-09""}]",RT25FP,"PDF, с. 17: графік «реалістичний варіант закінчення війни»",2026-10-06,reported_month,Підпис у ретрографіку має точність до місяця. Опубліковані в тому самому місяці звіти не ототожнено з цією точкою без збігу питання й результатів; дні та n не визначені.,month,single_wave,https://cdn.prod.website-files.com/685c279caf66f4023ad2cab4/68cbec9ad857580e525af216_RG_Ukraine_Monitoring_Leaders_CATI_022025%20press.pdf,https://cdn.prod.website-files.com/685c279caf66f4023ad2cab4/68cbec9ad857580e525af216_RG_Ukraine_Monitoring_Leaders_CATI_022025%20press.pdf
P96,Основне,Соціологічна група «Рейтинг»,Власне дослідження,Реальний шлях завершення війни: ретроспективна точка,2023-11,2023-11,11.2023,,,Метод окремої історичної хвилі не вказано в ретрографіку,Громадяни 18+ на підконтрольній уряду території України; без населення за кордоном та недоступних ТОТ,Реальний шлях завершення війни: ретроспективна точка,Може збігатися з іншою публікацією Рейтингу за цей місяць; без паспорта не оголошується незалежною додатковою вибіркою.,RT25FP,,Офіційна ретроспектива с.17; точні дні й n не підмінені паспортом 2025,"[{""start"": ""2023-11"", ""end"": ""2023-11""}]",RT25FP,"PDF, с. 17: графік «реалістичний варіант закінчення війни»",2026-10-06,reported_month,Підпис у ретрографіку має точність до місяця. Опубліковані в тому самому місяці звіти не ототожнено з цією точкою без збігу питання й результатів; дні та n не визначені.,month,single_wave,https://cdn.prod.website-files.com/685c279caf66f4023ad2cab4/68cbec9ad857580e525af216_RG_Ukraine_Monitoring_Leaders_CATI_022025%20press.pdf,https://cdn.prod.website-files.com/685c279caf66f4023ad2cab4/68cbec9ad857580e525af216_RG_Ukraine_Monitoring_Leaders_CATI_022025%20press.pdf
P97,Основне,Соціологічна група «Рейтинг»,Власне дослідження,Реальний шлях завершення війни: ретроспективна точка,2024-01,2024-01,01.2024,,,Метод окремої історичної хвилі не вказано в ретрографіку,Громадяни 18+ на підконтрольній уряду території України; без населення за кордоном та недоступних ТОТ,Реальний шлях завершення війни: ретроспективна точка,Може збігатися з іншою публікацією Рейтингу за цей місяць; без паспорта не оголошується незалежною додатковою вибіркою.,RT25FP,,Офіційна ретроспектива с.17; точні дні й n не підмінені паспортом 2025,"[{""start"": ""2024-01"", ""end"": ""2024-01""}]",RT25FP,"PDF, с. 17: графік «реалістичний варіант закінчення війни»",2026-10-06,reported_month,Підпис у ретрографіку має точність до місяця. Опубліковані в тому самому місяці звіти не ототожнено з цією точкою без збігу питання й результатів; дні та n не визначені.,month,single_wave,https://cdn.prod.website-files.com/685c279caf66f4023ad2cab4/68cbec9ad857580e525af216_RG_Ukraine_Monitoring_Leaders_CATI_022025%20press.pdf,https://cdn.prod.website-files.com/685c279caf66f4023ad2cab4/68cbec9ad857580e525af216_RG_Ukraine_Monitoring_Leaders_CATI_022025%20press.pdf
P98,Основне,Соціологічна група «Рейтинг»,Власне дослідження,Реальний шлях завершення війни: ретроспективна точка,2024-04,2024-04,04.2024,,,Метод окремої історичної хвилі не вказано в ретрографіку,Громадяни 18+ на підконтрольній уряду території України; без населення за кордоном та недоступних ТОТ,Реальний шлях завершення війни: ретроспективна точка,Може збігатися з іншою публікацією Рейтингу за цей місяць; без паспорта не оголошується незалежною додатковою вибіркою.,RT25FP,,Офіційна ретроспектива с.17; точні дні й n не підмінені паспортом 2025,"[{""start"": ""2024-04"", ""end"": ""2024-04""}]",RT25FP,"PDF, с. 17: графік «реалістичний варіант закінчення війни»",2026-10-06,reported_month,Підпис у ретрографіку має точність до місяця. Опубліковані в тому самому місяці звіти не ототожнено з цією точкою без збігу питання й результатів; дні та n не визначені.,month,single_wave,https://cdn.prod.website-files.com/685c279caf66f4023ad2cab4/68cbec9ad857580e525af216_RG_Ukraine_Monitoring_Leaders_CATI_022025%20press.pdf,https://cdn.prod.website-files.com/685c279caf66f4023ad2cab4/68cbec9ad857580e525af216_RG_Ukraine_Monitoring_Leaders_CATI_022025%20press.pdf
P99,Основне,Соціологічна група «Рейтинг»,Власне дослідження,Реальний шлях завершення війни: ретроспективна точка,2024-06,2024-06,06.2024,,,Метод окремої історичної хвилі не вказано в ретрографіку,Громадяни 18+ на підконтрольній уряду території України; без населення за кордоном та недоступних ТОТ,Реальний шлях завершення війни: ретроспективна точка,Може збігатися з іншою публікацією Рейтингу за цей місяць; без паспорта не оголошується незалежною додатковою вибіркою.,RT25FP,,Офіційна ретроспектива с.17; точні дні й n не підмінені паспортом 2025,"[{""start"": ""2024-06"", ""end"": ""2024-06""}]",RT25FP,"PDF, с. 17: графік «реалістичний варіант закінчення війни»",2026-10-06,reported_month,Підпис у ретрографіку має точність до місяця. Опубліковані в тому самому місяці звіти не ототожнено з цією точкою без збігу питання й результатів; дні та n не визначені.,month,single_wave,https://cdn.prod.website-files.com/685c279caf66f4023ad2cab4/68cbec9ad857580e525af216_RG_Ukraine_Monitoring_Leaders_CATI_022025%20press.pdf,https://cdn.prod.website-files.com/685c279caf66f4023ad2cab4/68cbec9ad857580e525af216_RG_Ukraine_Monitoring_Leaders_CATI_022025%20press.pdf
P100,Основне,Соціологічна група «Рейтинг»,Власне дослідження,Реальний шлях завершення війни: ретроспективна точка,2024-08,2024-08,08.2024,,,Метод окремої історичної хвилі не вказано в ретрографіку,Громадяни 18+ на підконтрольній уряду території України; без населення за кордоном та недоступних ТОТ,Реальний шлях завершення війни: ретроспективна точка,Може збігатися з іншою публікацією Рейтингу за цей місяць; без паспорта не оголошується незалежною додатковою вибіркою.,RT25FP,,Офіційна ретроспектива с.17; точні дні й n не підмінені паспортом 2025,"[{""start"": ""2024-08"", ""end"": ""2024-08""}]",RT25FP,"PDF, с. 17: графік «реалістичний варіант закінчення війни»",2026-10-06,reported_month,Підпис у ретрографіку має точність до місяця. Опубліковані в тому самому місяці звіти не ототожнено з цією точкою без збігу питання й результатів; дні та n не визначені.,month,single_wave,https://cdn.prod.website-files.com/685c279caf66f4023ad2cab4/68cbec9ad857580e525af216_RG_Ukraine_Monitoring_Leaders_CATI_022025%20press.pdf,https://cdn.prod.website-files.com/685c279caf66f4023ad2cab4/68cbec9ad857580e525af216_RG_Ukraine_Monitoring_Leaders_CATI_022025%20press.pdf
P101,Основне,Соціологічна група «Рейтинг»,Власне дослідження,Реальний шлях завершення війни: ретроспективна точка,2024-10,2024-10,10.2024,,,Метод окремої історичної хвилі не вказано в ретрографіку,Громадяни 18+ на підконтрольній уряду території України; без населення за кордоном та недоступних ТОТ,Реальний шлях завершення війни: ретроспективна точка,Може збігатися з іншою публікацією Рейтингу за цей місяць; без паспорта не оголошується незалежною додатковою вибіркою.,RT25FP,,Офіційна ретроспектива с.17; точні дні й n не підмінені паспортом 2025,"[{""start"": ""2024-10"", ""end"": ""2024-10""}]",RT25FP,"PDF, с. 17: графік «реалістичний варіант закінчення війни»",2026-10-06,reported_month,Підпис у ретрографіку має точність до місяця. Опубліковані в тому самому місяці звіти не ототожнено з цією точкою без збігу питання й результатів; дні та n не визначені.,month,single_wave,https://cdn.prod.website-files.com/685c279caf66f4023ad2cab4/68cbec9ad857580e525af216_RG_Ukraine_Monitoring_Leaders_CATI_022025%20press.pdf,https://cdn.prod.website-files.com/685c279caf66f4023ad2cab4/68cbec9ad857580e525af216_RG_Ukraine_Monitoring_Leaders_CATI_022025%20press.pdf
P102,Основне,Соціологічна група «Рейтинг»,Власне дослідження,Реальний шлях завершення війни: ретроспективна точка,2024-11,2024-11,11.2024,,,Метод окремої історичної хвилі не вказано в ретрографіку,Громадяни 18+ на підконтрольній уряду території України; без населення за кордоном та недоступних ТОТ,Реальний шлях завершення війни: ретроспективна точка,Може збігатися з іншою публікацією Рейтингу за цей місяць; без паспорта не оголошується незалежною додатковою вибіркою.,RT25FP,,Офіційна ретроспектива с.17; точні дні й n не підмінені паспортом 2025,"[{""start"": ""2024-11"", ""end"": ""2024-11""}]",RT25FP,"PDF, с. 17: графік «реалістичний варіант закінчення війни»",2026-10-06,reported_month,Підпис у ретрографіку має точність до місяця. Опубліковані в тому самому місяці звіти не ототожнено з цією точкою без збігу питання й результатів; дні та n не визначені.,month,single_wave,https://cdn.prod.website-files.com/685c279caf66f4023ad2cab4/68cbec9ad857580e525af216_RG_Ukraine_Monitoring_Leaders_CATI_022025%20press.pdf,https://cdn.prod.website-files.com/685c279caf66f4023ad2cab4/68cbec9ad857580e525af216_RG_Ukraine_Monitoring_Leaders_CATI_022025%20press.pdf
P103,Основне,Соціологічна група «Рейтинг»,Власне дослідження,Реальний шлях завершення війни: ретроспективна точка,2025-01,2025-01,01.2025,,,Метод окремої історичної хвилі не вказано в ретрографіку,Громадяни 18+ на підконтрольній уряду території України; без населення за кордоном та недоступних ТОТ,Реальний шлях завершення війни: ретроспективна точка,Може збігатися з іншою публікацією Рейтингу за цей місяць; без паспорта не оголошується незалежною додатковою вибіркою.,RT25FP,,Офіційна ретроспектива с.17; точні дні й n не підмінені паспортом 2025,"[{""start"": ""2025-01"", ""end"": ""2025-01""}]",RT25FP,"PDF, с. 17: графік «реалістичний варіант закінчення війни»",2026-10-06,reported_month,Підпис у ретрографіку має точність до місяця. Опубліковані в тому самому місяці звіти не ототожнено з цією точкою без збігу питання й результатів; дні та n не визначені.,month,single_wave,https://cdn.prod.website-files.com/685c279caf66f4023ad2cab4/68cbec9ad857580e525af216_RG_Ukraine_Monitoring_Leaders_CATI_022025%20press.pdf,https://cdn.prod.website-files.com/685c279caf66f4023ad2cab4/68cbec9ad857580e525af216_RG_Ukraine_Monitoring_Leaders_CATI_022025%20press.pdf
P104,Основне,Соціологічна група «Рейтинг»,Власне дослідження,Реальний шлях завершення війни та прямі переговори,2025-02-20,2025-02-21,20.02.2025–21.02.2025,,1200,CATI; випадкова вибірка мобільних номерів; зважування,Громадяни 18+ на підконтрольній уряду території України; без населення за кордоном та недоступних ТОТ,Реальний шлях завершення війни та прямі переговори,,RT25F,RT25FP,Паспорт і релевантний блок першоджерела перевірено,"[{""start"": ""2025-02-20"", ""end"": ""2025-02-21""}]",RT25FP,Паспорт / методологічний опис опитування,2026-10-06,reported_day,Дати польового етапу наведені у паспорті джерела.,day,single_wave,https://www.ratinggroup.ua/news/attitudes-toward-specific-european-leaders-21-february,https://cdn.prod.website-files.com/685c279caf66f4023ad2cab4/68cbec9ad857580e525af216_RG_Ukraine_Monitoring_Leaders_CATI_022025%20press.pdf
P105,Основне,Соціологічна група «Рейтинг»,Власне дослідження,30-денне перемир’я та переговори у Туреччині,2025-05-16,2025-05-16,16.05.2025,,1000,CATI; випадкова вибірка мобільних номерів; зважування,Громадяни 18+ на підконтрольній уряду території України; без населення за кордоном та недоступних ТОТ,30-денне перемир’я та переговори у Туреччині,,RF2,RF2P,Паспорт і релевантний блок першоджерела перевірено,"[{""start"": ""2025-05-16"", ""end"": ""2025-05-16""}]",RF2P,Паспорт / методологічний опис опитування,2026-10-06,reported_day,Дати польового етапу наведені у паспорті джерела.,day,single_wave,https://www.ratinggroup.ua/news/negotiations-may2025,https://cdn.prod.website-files.com/685c279caf66f4023ad2cab4/689f246624b24443d395d4fc_rg_ukraine_monitoring_cati_052025_press%20(1).pdf
P106,Основне / контекст,Соціологічна група «Рейтинг»,Westminster Foundation for Democracy,WFD: очікування мирної угоди протягом року,2025-07-27,2025-07-31,27.07.2025–31.07.2025,,2100,CATI; випадкова вибірка мобільних номерів; зважування,Громадяни 18+ на підконтрольній уряду території України; без населення за кордоном та недоступних ТОТ,WFD: очікування мирної угоди протягом року,,RF1,RF1P,Паспорт і релевантний блок першоджерела перевірено,"[{""start"": ""2025-07-27"", ""end"": ""2025-07-31""}]",RF1P,Паспорт / методологічний опис опитування,2026-10-06,reported_day,Дати польового етапу наведені у паспорті джерела.,day,single_wave,https://www.ratinggroup.ua/news/socio-political-moods-of-ukrainians-wfd,https://cdn.prod.website-files.com/685c279caf66f4023ad2cab4/6989b84ada2a261a313700c4_presentation_poll_results_in_ukraine_compressed.pdf
P107,Академічне / додаткове,ІСПП НАПН України / Асоціація політичних психологів,Власне дослідження,Моніторинг: уявлення про перемогу та ціну миру,2023-05-08,2023-05-19,08.05.2023–19.05.2023,,2000,Інтерв’ю; очний метод за описом моніторингу,Громадяни 18+ на підконтрольній уряду території України; без населення за кордоном та недоступних ТОТ,Моніторинг: уявлення про перемогу та ціну миру,"Оцінні твердження; для кінцевого дня поля є розбіжність між обкладинкою й паспортом, див. примітку до дат.",ISPP25,DATE_IS23M,Хвилю ототожнено за трьома питаннями й розподілами; місяць виправлено за первинним звітом. У джерелі є розбіжність 18/19 травня.,"[{""start"": ""2023-05-08"", ""end"": ""2023-05-19""}]",DATE_IS23M,"PDF, с. 3 (паспорт); с. 40, 62 (усі три показники)",2026-10-06,source_conflict,"Пізніша ретроспектива помилково підписує ці значення «лютий 2023». Первинний бюлетень відносить усі три показники до травня 2023 (с. 40, 62). У паспорті на с. 3 — 8–19 травня; на обкладинці — 8–18 травня. Дати записано за паспортом; розбіжність кінцевого дня збережено.",day,single_wave,https://ispp.org.ua/wp-content/uploads/2025/06/dynamika-2025-byuleten.pdf,https://ispp.org.ua/wp-content/uploads/2023/07/opyt2023.pdf
P108,Академічне / додаткове,ІСПП НАПН України / Асоціація політичних психологів,Власне дослідження,Моніторинг: уявлення про перемогу та ціну миру,2024-03-01,2024-03-15,01.03.2024–15.03.2024,,1200,Інтерв’ю; очний метод за описом моніторингу,Громадяни 18+ на підконтрольній уряду території України; без населення за кордоном та недоступних ТОТ,Моніторинг: уявлення про перемогу та ціну миру,Оцінні твердження; прямі дати й n взято з паспорта відповідної хвилі.,ISPP25,DATE_IS24M,"Паспорт березня 2024: с. 2, 4 первинного бюлетеня.","[{""start"": ""2024-03-01"", ""end"": ""2024-03-15""}]",DATE_IS24M,"PDF, с. 2, 4 (паспорт)",2026-10-06,reported_day,Дати польового етапу наведені у паспорті джерела.,day,single_wave,https://ispp.org.ua/wp-content/uploads/2025/06/dynamika-2025-byuleten.pdf,https://ispp.org.ua/wp-content/uploads/2024/06/bul032024.pdf
P109,Академічне / додаткове,ІСПП НАПН України / Асоціація політичних психологів,Власне дослідження,Моніторинг: уявлення про перемогу та ціну миру,2025-03-10,2025-03-20,10.03.2025–20.03.2025,,1200,Інтерв’ю; очний метод за описом моніторингу,Громадяни 18+ на підконтрольній уряду території України; без населення за кордоном та недоступних ТОТ,Моніторинг: уявлення про перемогу та ціну миру,Сильні оцінні твердження; паспорт у бюлетені докладно наведено лише для березня 2025.,ISPP25,,Паспорт і релевантний блок першоджерела перевірено,"[{""start"": ""2025-03-10"", ""end"": ""2025-03-20""}]",ISPP25,Паспорт / методологічний опис опитування,2026-10-06,reported_day,Дати польового етапу наведені у паспорті джерела.,day,single_wave,https://ispp.org.ua/wp-content/uploads/2025/06/dynamika-2025-byuleten.pdf,https://ispp.org.ua/wp-content/uploads/2025/06/dynamika-2025-byuleten.pdf
P110,Академічне / додаткове,ІСПП НАПН України / Асоціація політичних психологів,Власне дослідження,Прийнятна умова миру просто зараз,2023-10-23,2023-10-31,23.10.2023–31.10.2023,,2000,Особисте інтерв’ю; моніторинг громадян 18+.,Громадяни 18+ на підконтрольній уряду території України; без населення за кордоном та недоступних ТОТ,Прийнятна умова миру просто зараз,,ISPP25S,DATE_IS23O,Місяць виправлено за первинним звітом після звірки питання та всіх п’яти показників.,"[{""start"": ""2023-10-23"", ""end"": ""2023-10-31""}]",DATE_IS23O,"PDF, с. 2 (паспорт), с. 22 (усі п’ять показників)",2026-10-06,corrected_retrospective_label,"У ретроспективах 2024/2025 ці самі п’ять значень (42,0; 25,1; 10,9; 9,2; 2,9%) підписано «вересень 2023». Первинний звіт на с. 2 задає 23–31.10.2023, на с. 22 містить відповідне питання та значення. Використано дату первинного звіту.",day,single_wave,https://ispp.org.ua/wp-content/uploads/2026/01/dovidnikchunikhina2025.pdf,https://ispp.org.ua/wp-content/uploads/2023/11/zv102023politika.pdf
P111,Академічне / додаткове,ІСПП НАПН України / Асоціація політичних психологів,Власне дослідження,Прийнятна умова миру просто зараз,2024-09-17,2024-09-28,17.09.2024–28.09.2024,,1157,Особисте інтерв’ю віч-на-віч за місцем проживання.,Громадяни 18+ на підконтрольній уряду території України; без населення за кордоном та недоступних ТОТ,Прийнятна умова миру просто зараз,,ISPP25S,DATE_IS24S,Дні й n звірено з паспортом окремої хвилі на с. 5; показники — с. 24.,"[{""start"": ""2024-09-17"", ""end"": ""2024-09-28""}]",DATE_IS24S,"PDF, с. 5 (паспорт), с. 24 (результати)",2026-10-06,reported_day,Дати польового етапу наведені у паспорті джерела.,day,single_wave,https://ispp.org.ua/wp-content/uploads/2026/01/dovidnikchunikhina2025.pdf,https://ispp.org.ua/wp-content/uploads/2024/12/1bul092024.pdf
P112,Академічне / додаткове,ІСПП НАПН України / Асоціація політичних психологів,Власне дослідження,"Оновлені умови миру: капітуляція РФ, гарантії, обмін територіями",2025-09,2025-09,09.2025,,,Очне інтерв’ю; у передмові не менше 1200 у хвилі,Громадяни 18+ на підконтрольній уряду території України; без населення за кордоном та недоступних ТОТ,"Оновлені умови миру: капітуляція РФ, гарантії, обмін територіями",,ISPP25S,,Значення у с.114; точний n і дні не підмінені мінімумом серії,"[{""start"": ""2025-09"", ""end"": ""2025-09""}]",ISPP25S,"PDF, с. 5 (загальний опис), с. 114 (таблиця)",2026-10-06,reported_month,Довідник називає вересень 2025 без точних днів і n. Окреме освітнє опитування ІСПП 12–20.09.2025 має інший опис вибірки; його паспорт не присвоєно цій хвилі.,month,single_wave,https://ispp.org.ua/wp-content/uploads/2026/01/dovidnikchunikhina2025.pdf,https://ispp.org.ua/wp-content/uploads/2026/01/dovidnikchunikhina2025.pdf
P113,Основне / ретроспектива,Центр Разумкова,ФДІ,Загальні компроміси заради миру: жовтнева ретроспектива,2022-10,2022-10,10.2022,,,Окремий паспорт жовтневої хвилі у використаній ретротаблиці не наведено,Окремого опису охоплення жовтневої хвилі у ретроспективній таблиці немає.,Загальні компроміси,Результати жовтня опубліковані повторно у грудневому звіті.,D22P,,Окремо від P37: грудень 2022,"[{""start"": ""2022-10"", ""end"": ""2022-10""}]",D22P,"PDF, с. 23, колонка «Жовтень 2022»",2026-10-06,reported_month,"У грудневому звіті є окрема колонка «Жовтень 2022», але немає її польового паспорта. Дати 13–21.12.2022 стосуються іншої хвилі P37.",month,single_wave,https://dif.org.ua/uploads/pdf/20263161126458f92b642fb0.79054584.pdf,https://dif.org.ua/uploads/pdf/20263161126458f92b642fb0.79054584.pdf
P114,Основне,Група «Рейтинг»,International Republican Institute (IRI),IRI: референдум про завершення війни та очікувані кордони,2026-05-30,2026-06-03,30.05.2026–03.06.2026,2026-07-01,2404,CATI; випадкова генерація мобільних номерів; зважування,"18+, перебувають в Україні; без ТОТ і територій без українського мобільного зв’язку (уточнення релізу Рейтингу).",Референдум про завершення війни; очікування кордонів; вікові й регіональні розподіли,Референдум не означає схвалення конкретної угоди. У 2026 зважування за макрорегіонами замість областей; базові ваги за статистикою 01.01.2022. Регіональні розподіли за поточним проживанням. Досяжність 8%; заявлена похибка ±2 в.п. може бути занижена.,IR26J,IR26JP,"Оригінали IRI UKR/ENG і копії Рейтингу звірено: 97 с.; с.53–54 про референдум, с.17–18 про очікувані кордони. С.48–52 про вибори, не умови поступок.","[{""start"": ""2026-05-30"", ""end"": ""2026-06-03""}]",IR26JP,Паспорт / методологічний опис опитування,2026-10-06,reported_day,Дати польового етапу наведені у паспорті джерела.,day,single_wave,https://www.iri.org/resources/ukraine-survey-of-public-opinion-june-2026/,https://www.iri.org/wp-content/uploads/2026/06/UKR-26-NS-02-PT-UA-Public.pdf
P115,Основне,Група «Рейтинг»,International Republican Institute (IRI),IRI: референдум про завершення війни — ретроспектива,2024-09-27,2024-10-01,27.09.2024–01.10.2024,,2000,Телефонне опитування (CATI).,,Референдум про завершення війни,Значення з графіка червневого звіту 2026. Параметри вибірки 2026 не переносити на 2024.,IR26J,RF4P,Дати й n звірено з паспортом відповідної хвилі; результати лишаються прив’язаними до вказаної ретроспективи.,"[{""start"": ""2024-09-27"", ""end"": ""2024-10-01""}]",RF4P,"PDF, с. 2, Detailed Methodology",2026-10-06,reported_day,Дати польового етапу наведені у паспорті джерела.,day,single_wave,https://www.iri.org/resources/ukraine-survey-of-public-opinion-june-2026/,https://cdn.prod.website-files.com/685c279caf66f4023ad2cab4/68d2b04832332b13ae7396b5_ukr-24-ns-02-eng_compressed.pdf
P116,Основне,Група «Рейтинг»,International Republican Institute (IRI),IRI: референдум про завершення війни — ретроспектива,2025-07-22,2025-07-27,22.07.2025–27.07.2025,,2400,Телефонне опитування (CATI).,,Референдум про завершення війни,Значення з графіка червневого звіту 2026. Параметри вибірки 2026 не переносити на 2025.,IR26J,IR25,Дати й n звірено з паспортом відповідної хвилі; результати лишаються прив’язаними до вказаної ретроспективи.,"[{""start"": ""2025-07-22"", ""end"": ""2025-07-27""}]",IR25,"PDF, с. 2, Detailed Methodology",2026-10-06,reported_day,Дати польового етапу наведені у паспорті джерела.,day,single_wave,https://www.iri.org/resources/ukraine-survey-of-public-opinion-june-2026/,https://www.iri.org/wp-content/uploads/2025/08/UKR-25-NS-01-PT-FINAL_Public.pdf
P117,Основне,КМІС,National Democratic Institute (NDI),NDI: неприйнятні умови миру — ретроспектива,2025-08-01,2025-08-20,01.08.2025–20.08.2025,,2507,Телефонне опитування (CATI).,,Міжнародне визнання територій; статус російської мови,У звіті березня 2026 наведено лише агрегати відкидання за серпень 2025. Дати і n березня 2026 не стосуються цієї точки.,N1P,DATE_N25A,Дати й n звірено з паспортом відповідної хвилі; результати лишаються прив’язаними до вказаної ретроспективи.,"[{""start"": ""2025-08-01"", ""end"": ""2025-08-20""}]",DATE_N25A,"PDF, с. 1–2 (метод і дати поля)",2026-10-06,reported_day,Дати польового етапу наведені у паспорті джерела.,day,single_wave,https://www.ndi.org/sites/default/files/2026-07/UKR_NDI-March-2026-Political-Survey_Public.pptx.pdf,https://ndi.org/sites/default/files/2025-11/NDI-August-2025-CATI-Public_UKR.pdf
P118,Основне,Info Sapiens,Власне дослідження,Заборона вступу до НАТО як умова завершення війни,2022-03-03,2022-03-04,03.03.2022–04.03.2022,,1024,Паспорт цієї ранньої хвилі у пізнішому релізі не наведений,Громадяни 18+ на підконтрольній уряду території України; без населення за кордоном та недоступних ТОТ,Заборона вступу до НАТО як умова завершення війни,,IS22,,"Дати, n=1024 і всі три категорії відповіді звірено візуально з легендою та стовпчиками графіка на с. 1.","[{""start"": ""2022-03-03"", ""end"": ""2022-03-04""}]",IS22,"PDF, с. 1, легенда графіка",2026-10-06,retrospective_day,Легенда графіка прямо називає 3–4 березня та n=1024. Окремого методологічного паспорта цієї хвилі у релізі немає.,day,single_wave,https://www.sapiens.com.ua/publications/socpol-research/211/Release_IS_war_fin_30_03.pdf,https://www.sapiens.com.ua/publications/socpol-research/211/Release_IS_war_fin_30_03.pdf
P119,Основне,КМІС,ГО «Форум» — замовник запитань про війну і мир у власному омнібусі КМІС,Думки і погляди українців щодо питань війни і миру: вересень 2026,2026-09-12,2026-09-21,12.09.2026–21.09.2026,2026-10-06,1002,CATI; випадкова генерація мобільних номерів; статистичне зважування,"Громадяни України 18+ на підконтрольній уряду території; включно з ВПО, без жителів окупованих територій та громадян, які виїхали за кордон після 24.02.2022.",Перемога; реалістичне завершення війни; допустимість перемовин; припинення вогню; готовність терпіти війну,"Формальна максимальна похибка 4,1% за довірчої ймовірності 0,95 і дизайн-ефекту 1,3; можливі додаткові систематичні відхилення через війну. Округлення до цілих; n регіональних підгруп не наведені.",K1639,,"Паспорт, додаток з анкетою, таблиці та всі категорії графіків 1–4 звірено з релізом.","[{""start"": ""2026-09-12"", ""end"": ""2026-09-21""}]",K1639,Перший абзац методологічного опису; дата публікації наприкінці сторінки,2026-10-06,reported_day,Дати польового етапу наведені у паспорті джерела.,day,single_wave,https://kiis.com.ua/?lang=ukr&cat=reports&id=1639&page=1,https://kiis.com.ua/?lang=ukr&cat=reports&id=1639&page=1
P120,Основне,КМІС,У ретроспективному графіку не зазначено,"Травень 2022: перемога, реалістичний результат і готовність терпіти",2022-05,2022-05,05.2022,,,Паспорт окремої історичної хвилі у джерелі порівняння не наведено,Громадяни України 18+ на підконтрольній уряду території; без населення за кордоном і недоступних окупованих територій.,"Травень 2022: перемога, реалістичний результат і готовність терпіти","Відомий лише місяць із ретроспективного порівняння. Точні дні та n цієї хвилі не опубліковані у звіреному джерелі; збіг місяця з іншим записом не доводить тотожність вибірок. Це запис історичної точки, а не підтвердження ще однієї незалежної вибірки.",K1372,,Звірено з указаним першоджерелом; точність дат збережено.,"[{""start"": ""2022-05"", ""end"": ""2022-05""}]",K1372,Підпис місяця в ретроспективному графіку / таблиці,2026-10-06,reported_month,"Відомий лише місяць із ретроспективного порівняння. Точні дні та n цієї хвилі не опубліковані у звіреному джерелі; збіг місяця з іншим записом не доводить тотожність вибірок. Це запис історичної точки, а не підтвердження ще однієї незалежної вибірки.",month,single_wave,https://www.kiis.com.ua/?cat=reports&id=1372&lang=ukr,https://www.kiis.com.ua/?cat=reports&id=1372&lang=ukr
P121,Основне,КМІС,У ретроспективному графіку не зазначено,"Грудень 2023: перемога, реалістичний результат і готовність терпіти",2023-12,2023-12,12.2023,,,Паспорт окремої історичної хвилі у джерелі порівняння не наведено,Громадяни України 18+ на підконтрольній уряду території; без населення за кордоном і недоступних окупованих територій.,"Грудень 2023: перемога, реалістичний результат і готовність терпіти","Відомий лише місяць із ретроспективного порівняння. Точні дні та n цієї хвилі не опубліковані у звіреному джерелі; збіг місяця з іншим записом не доводить тотожність вибірок. Це запис історичної точки, а не підтвердження ще однієї незалежної вибірки.",K1372,,Звірено з указаним першоджерелом; точність дат збережено.,"[{""start"": ""2023-12"", ""end"": ""2023-12""}]",K1372,Підпис місяця в ретроспективному графіку / таблиці,2026-10-06,reported_month,"Відомий лише місяць із ретроспективного порівняння. Точні дні та n цієї хвилі не опубліковані у звіреному джерелі; збіг місяця з іншим записом не доводить тотожність вибірок. Це запис історичної точки, а не підтвердження ще однієї незалежної вибірки.",month,single_wave,https://www.kiis.com.ua/?cat=reports&id=1372&lang=ukr,https://www.kiis.com.ua/?cat=reports&id=1372&lang=ukr
P122,Основне,КМІС,КМІС; замовник окремих питань у релізі не зазначений,Сприйняття перебігу війни через майже два роки вторгнення,2024-02-05,2024-02-10,05.02.2024–10.02.2024,2024-02-21,1202,CATI; випадкова вибірка мобільних номерів,Громадяни України 18+ на підконтрольній уряду території; без населення за кордоном і недоступних окупованих територій.,Сприйняття перебігу війни через майже два роки вторгнення,,K1372,,Звірено з указаним першоджерелом; точність дат збережено.,"[{""start"": ""2024-02-05"", ""end"": ""2024-02-10""}]",K1372,Паспорт релізу,2026-10-06,reported_day,Дати поля та розмір вибірки наведені в методологічному описі.,day,single_wave,https://www.kiis.com.ua/?cat=reports&id=1372&lang=ukr,https://www.kiis.com.ua/?cat=reports&id=1372&lang=ukr
P123,Основне,КМІС,У ретроспективному графіку не зазначено,Травень 2024: готовність терпіти війну,2024-05,2024-05,05.2024,,,Паспорт окремої історичної хвилі у джерелі порівняння не наведено,Громадяни України 18+ на підконтрольній уряду території; без населення за кордоном і недоступних окупованих територій.,Травень 2024: готовність терпіти війну,"Відомий лише місяць із ретроспективного порівняння. Точні дні та n цієї хвилі не опубліковані у звіреному джерелі; збіг місяця з іншим записом не доводить тотожність вибірок. Це запис історичної точки, а не підтвердження ще однієї незалежної вибірки.",K1534,,Звірено з указаним першоджерелом; точність дат збережено.,"[{""start"": ""2024-05"", ""end"": ""2024-05""}]",K1534,Підпис місяця в ретроспективному графіку / таблиці,2026-10-06,reported_month,"Відомий лише місяць із ретроспективного порівняння. Точні дні та n цієї хвилі не опубліковані у звіреному джерелі; збіг місяця з іншим записом не доводить тотожність вибірок. Це запис історичної точки, а не підтвердження ще однієї незалежної вибірки.",month,single_wave,https://kiis.com.ua/?lang=ukr&cat=reports&id=1534,https://kiis.com.ua/?lang=ukr&cat=reports&id=1534
P124,Основне,КМІС,У ретроспективному графіку не зазначено,"Лютий 2025: перемога, реалістичний сценарій і допустимість перемовин",2025-02,2025-02,02.2025,,,Паспорт окремої історичної хвилі у джерелі порівняння не наведено,Громадяни України 18+ на підконтрольній уряду території; без населення за кордоном і недоступних окупованих територій.,"Лютий 2025: перемога, реалістичний сценарій і допустимість перемовин","Відомий лише місяць із ретроспективного порівняння. Точні дні та n цієї хвилі не опубліковані у звіреному джерелі; збіг місяця з іншим записом не доводить тотожність вибірок. Це запис історичної точки, а не підтвердження ще однієї незалежної вибірки.",K1639,,Звірено з указаним першоджерелом; точність дат збережено.,"[{""start"": ""2025-02"", ""end"": ""2025-02""}]",K1639,Підпис місяця в ретроспективному графіку / таблиці,2026-10-06,reported_month,"Відомий лише місяць із ретроспективного порівняння. Точні дні та n цієї хвилі не опубліковані у звіреному джерелі; збіг місяця з іншим записом не доводить тотожність вибірок. Це запис історичної точки, а не підтвердження ще однієї незалежної вибірки.",month,single_wave,https://kiis.com.ua/?lang=ukr&cat=reports&id=1639&page=1,https://kiis.com.ua/?lang=ukr&cat=reports&id=1639&page=1
P125,Основне,КМІС,У ретроспективному графіку не зазначено,Лютий 2025: готовність терпіти війну,2025-02,2025-02,02.2025,,,Паспорт окремої історичної хвилі у джерелі порівняння не наведено,Громадяни України 18+ на підконтрольній уряду території; без населення за кордоном і недоступних окупованих територій.,Лютий 2025: готовність терпіти війну,"Відомий лише місяць із ретроспективного порівняння. Точні дні та n цієї хвилі не опубліковані у звіреному джерелі; збіг місяця з іншим записом не доводить тотожність вибірок. Це запис історичної точки, а не підтвердження ще однієї незалежної вибірки. Тотожність із лютневою точкою релізу 1639 (P124) не встановлена; записи не слід рахувати як доведено різні опитування.",K1534,,Звірено з указаним першоджерелом; точність дат збережено.,"[{""start"": ""2025-02"", ""end"": ""2025-02""}]",K1534,Підпис місяця в ретроспективному графіку / таблиці,2026-10-06,reported_month,"Відомий лише місяць із ретроспективного порівняння. Точні дні та n цієї хвилі не опубліковані у звіреному джерелі; збіг місяця з іншим записом не доводить тотожність вибірок. Це запис історичної точки, а не підтвердження ще однієї незалежної вибірки. Тотожність із лютневою точкою релізу 1639 (P124) не встановлена; записи не слід рахувати як доведено різні опитування.",month,single_wave,https://kiis.com.ua/?lang=ukr&cat=reports&id=1534,https://kiis.com.ua/?lang=ukr&cat=reports&id=1534
P126,Основне,КМІС,У ретроспективному графіку не зазначено,Березень 2025: готовність терпіти війну,2025-03,2025-03,03.2025,,,Паспорт окремої історичної хвилі у джерелі порівняння не наведено,Громадяни України 18+ на підконтрольній уряду території; без населення за кордоном і недоступних окупованих територій.,Березень 2025: готовність терпіти війну,"Відомий лише місяць із ретроспективного порівняння. Точні дні та n цієї хвилі не опубліковані у звіреному джерелі; збіг місяця з іншим записом не доводить тотожність вибірок. Це запис історичної точки, а не підтвердження ще однієї незалежної вибірки.",K1534,,Звірено з указаним першоджерелом; точність дат збережено.,"[{""start"": ""2025-03"", ""end"": ""2025-03""}]",K1534,Підпис місяця в ретроспективному графіку / таблиці,2026-10-06,reported_month,"Відомий лише місяць із ретроспективного порівняння. Точні дні та n цієї хвилі не опубліковані у звіреному джерелі; збіг місяця з іншим записом не доводить тотожність вибірок. Це запис історичної точки, а не підтвердження ще однієї незалежної вибірки.",month,single_wave,https://kiis.com.ua/?lang=ukr&cat=reports&id=1534,https://kiis.com.ua/?lang=ukr&cat=reports&id=1534
P127,Основне,КМІС,КМІС; замовник окремих питань у релізі не зазначений,Хто переможе: телефонна й особиста частини липневого дослідження,2026-07-16,2026-07-31,16.07.2026–31.07.2026,2026-08-10,1808,"Змішаний дизайн: CATI (випадкові мобільні номери) і CAPI (стратифікована триступенева вибірка, квоти на останньому ступені); окреме зважування",Громадяни України 18+ на підконтрольній уряду території; без населення за кордоном і недоступних окупованих територій.,Хто переможе: телефонна й особиста частини липневого дослідження,Загалом 1808 інтерв’ю: 905 CATI і 903 CAPI. Часовий ряд використовує лише CATI (n=905); загальна оцінка та CAPI збережені як окремі панелі того самого питання. У кожній частині близько 300 інтерв’ю у м. Києві; вагу Києва приведено до його частки в населенні.,K1627,,Звірено з указаним першоджерелом; точність дат збережено.,"[{""start"": ""2026-07-16"", ""end"": ""2026-07-31""}]",K1627,Паспорт релізу,2026-10-06,reported_day,Загалом 1808 інтерв’ю: 905 CATI і 903 CAPI. Часовий ряд використовує лише CATI (n=905); загальна оцінка та CAPI збережені як окремі панелі того самого питання. У кожній частині близько 300 інтерв’ю у м. Києві; вагу Києва приведено до його частки в населенні.,day,single_wave,https://kiis.com.ua/?lang=ukr&cat=reports&id=1627,https://kiis.com.ua/?lang=ukr&cat=reports&id=1627
